timestamp,device_id,temperature,humidity
2026-06-24T15:50:25,8C:4F:00:FA:6A:B5,"28,7","90,6"
2026-06-24T15:51:25,8C:4F:00:FA:6A:B5,"28,8","90,6"
2026-06-24T15:52:25,8C:4F:00:FA:6A:B5,"28,8","90,7"
2026-06-24T15:53:25,8C:4F:00:FA:6A:B5,"28,8","90,7"
2026-06-24T15:54:25,8C:4F:00:FA:6A:B5,"28,8","90,8"
2026-06-24T15:55:25,8C:4F:00:FA:6A:B5,"28,8","90,8"
2026-06-24T15:56:25,8C:4F:00:FA:6A:B5,"28,8","90,8"
2026-06-24T15:57:25,8C:4F:00:FA:6A:B5,"28,8","90,8"
2026-06-24T15:58:25,8C:4F:00:FA:6A:B5,"28,8","90,8"
2026-06-24T15:59:25,8C:4F:00:FA:6A:B5,"28,8","90,8"
2026-06-24T16:00:25,8C:4F:00:FA:6A:B5,"28,8","90,8"
2026-06-24T16:01:25,8C:4F:00:FA:6A:B5,"28,8","90,7"
2026-06-24T16:02:25,8C:4F:00:FA:6A:B5,"28,8","90,7"
2026-06-24T16:03:25,8C:4F:00:FA:6A:B5,"28,8","90,7"
2026-06-24T16:04:25,8C:4F:00:FA:6A:B5,"28,8","90,7"
2026-06-24T16:05:25,8C:4F:00:FA:6A:B5,"28,8","90,7"
2026-06-24T16:06:25,8C:4F:00:FA:6A:B5,"28,8","90,7"
2026-06-24T16:07:25,8C:4F:00:FA:6A:B5,"28,8","90,8"
2026-06-24T16:08:25,8C:4F:00:FA:6A:B5,"28,8","90,8"
2026-06-24T16:09:25,8C:4F:00:FA:6A:B5,"28,8","90,6"
2026-06-24T16:10:25,8C:4F:00:FA:6A:B5,"28,8","90,4"
2026-06-24T16:11:25,8C:4F:00:FA:6A:B5,"28,8","90,3"
2026-06-24T16:12:25,8C:4F:00:FA:6A:B5,"28,7","90,3"
2026-06-24T16:13:25,8C:4F:00:FA:6A:B5,"28,8","90,4"
2026-06-24T16:14:25,8C:4F:00:FA:6A:B5,"28,8","90,5"
2026-06-24T16:15:25,8C:4F:00:FA:6A:B5,"28,8","90,5"
2026-06-24T16:16:25,8C:4F:00:FA:6A:B5,"28,8","90,4"
2026-06-24T16:17:25,8C:4F:00:FA:6A:B5,"28,8","90,3"
2026-06-24T16:18:25,8C:4F:00:FA:6A:B5,"28,7","90,3"
2026-06-24T16:19:25,8C:4F:00:FA:6A:B5,"28,8","90,4"
2026-06-24T16:20:25,8C:4F:00:FA:6A:B5,"28,8","90,6"
2026-06-24T16:21:25,8C:4F:00:FA:6A:B5,"28,8","90,6"
2026-06-24T16:22:25,8C:4F:00:FA:6A:B5,"28,8","90,5"
2026-06-24T16:23:25,8C:4F:00:FA:6A:B5,"28,7","90,2"
2026-06-24T16:24:25,8C:4F:00:FA:6A:B5,"28,7","89,8"
2026-06-24T16:25:25,8C:4F:00:FA:6A:B5,"28,7","89,7"
2026-06-24T16:26:25,8C:4F:00:FA:6A:B5,"28,7",90
2026-06-24T16:27:25,8C:4F:00:FA:6A:B5,"28,7","89,9"
2026-06-24T16:28:25,8C:4F:00:FA:6A:B5,"28,7",90
2026-06-24T16:29:25,8C:4F:00:FA:6A:B5,"28,7","90,2"
2026-06-24T16:30:25,8C:4F:00:FA:6A:B5,"28,7","90,4"
2026-06-24T16:31:25,8C:4F:00:FA:6A:B5,"28,7","90,5"
2026-06-24T16:32:25,8C:4F:00:FA:6A:B5,"28,7","90,6"
2026-06-24T16:33:25,8C:4F:00:FA:6A:B5,"28,7","90,4"
2026-06-24T16:34:25,8C:4F:00:FA:6A:B5,"28,7","90,4"
2026-06-24T16:35:25,8C:4F:00:FA:6A:B5,"28,7","90,4"
2026-06-24T16:36:25,8C:4F:00:FA:6A:B5,"28,7","90,5"
2026-06-24T16:37:25,8C:4F:00:FA:6A:B5,"28,7","90,6"
2026-06-24T16:38:25,8C:4F:00:FA:6A:B5,"28,7","90,6"
2026-06-24T16:39:25,8C:4F:00:FA:6A:B5,"28,7","90,6"
2026-06-24T16:40:25,8C:4F:00:FA:6A:B5,"28,7","90,6"
2026-06-24T16:41:25,8C:4F:00:FA:6A:B5,"28,7","90,6"
2026-06-24T16:42:25,8C:4F:00:FA:6A:B5,"28,7","90,7"
2026-06-24T16:43:25,8C:4F:00:FA:6A:B5,"28,7","90,5"
2026-06-24T16:44:25,8C:4F:00:FA:6A:B5,"28,7","90,4"
2026-06-24T16:45:25,8C:4F:00:FA:6A:B5,"28,7","90,5"
2026-06-24T16:46:25,8C:4F:00:FA:6A:B5,"28,7","90,6"
2026-06-24T16:47:25,8C:4F:00:FA:6A:B5,"28,7","90,7"
2026-06-24T16:48:25,8C:4F:00:FA:6A:B5,"28,7","90,7"
2026-06-24T16:49:25,8C:4F:00:FA:6A:B5,"28,7","90,8"
2026-06-24T16:50:25,8C:4F:00:FA:6A:B5,"28,7","90,8"
2026-06-24T16:51:25,8C:4F:00:FA:6A:B5,"28,7","90,8"
2026-06-24T16:52:25,8C:4F:00:FA:6A:B5,"28,7","90,9"
2026-06-24T16:53:25,8C:4F:00:FA:6A:B5,"28,7","90,9"
2026-06-24T16:54:25,8C:4F:00:FA:6A:B5,"28,7",91
2026-06-24T16:55:25,8C:4F:00:FA:6A:B5,"28,8","91,1"
2026-06-24T16:56:25,8C:4F:00:FA:6A:B5,"28,7","91,1"
2026-06-24T16:57:25,8C:4F:00:FA:6A:B5,"28,7",91
2026-06-24T16:58:25,8C:4F:00:FA:6A:B5,"28,7",91
2026-06-24T16:59:25,8C:4F:00:FA:6A:B5,"28,7",91
2026-06-24T17:00:25,8C:4F:00:FA:6A:B5,"28,7",91
2026-06-24T17:01:25,8C:4F:00:FA:6A:B5,"28,7","90,8"
2026-06-24T17:02:25,8C:4F:00:FA:6A:B5,"28,7","90,8"
2026-06-24T17:03:25,8C:4F:00:FA:6A:B5,"28,7","90,9"
2026-06-24T17:04:25,8C:4F:00:FA:6A:B5,"28,7",91
2026-06-24T17:05:25,8C:4F:00:FA:6A:B5,"28,7",91
2026-06-24T17:06:25,8C:4F:00:FA:6A:B5,"28,7",91
2026-06-24T17:07:25,8C:4F:00:FA:6A:B5,"28,7",91
2026-06-24T17:08:25,8C:4F:00:FA:6A:B5,"28,7",91
2026-06-24T17:09:25,8C:4F:00:FA:6A:B5,"28,7","91,1"
2026-06-24T17:10:25,8C:4F:00:FA:6A:B5,"28,7","91,2"
2026-06-24T17:11:25,8C:4F:00:FA:6A:B5,"28,7","91,2"
2026-06-24T17:12:25,8C:4F:00:FA:6A:B5,"28,7","91,2"
2026-06-24T17:13:25,8C:4F:00:FA:6A:B5,"28,7","91,3"
2026-06-24T17:14:25,8C:4F:00:FA:6A:B5,"28,8","91,3"
2026-06-24T17:15:25,8C:4F:00:FA:6A:B5,"28,7","91,3"
2026-06-24T17:16:25,8C:4F:00:FA:6A:B5,"28,7","91,1"
2026-06-24T17:17:25,8C:4F:00:FA:6A:B5,"28,7",91
2026-06-24T17:18:25,8C:4F:00:FA:6A:B5,"28,7","90,8"
2026-06-24T17:19:25,8C:4F:00:FA:6A:B5,"28,7","90,8"
2026-06-24T17:20:25,8C:4F:00:FA:6A:B5,"28,7","90,9"
2026-06-24T17:21:25,8C:4F:00:FA:6A:B5,"28,7","90,9"
2026-06-24T17:22:25,8C:4F:00:FA:6A:B5,"28,7",91
2026-06-24T17:23:25,8C:4F:00:FA:6A:B5,"28,7","90,8"
2026-06-24T17:24:25,8C:4F:00:FA:6A:B5,"28,7","90,8"
2026-06-24T17:25:25,8C:4F:00:FA:6A:B5,"28,7","90,8"
2026-06-24T17:26:25,8C:4F:00:FA:6A:B5,"28,7","90,9"
2026-06-24T17:27:25,8C:4F:00:FA:6A:B5,"28,7","90,8"
2026-06-24T17:28:25,8C:4F:00:FA:6A:B5,"28,7","90,8"
2026-06-24T17:29:25,8C:4F:00:FA:6A:B5,"28,7","90,8"
2026-06-24T17:30:25,8C:4F:00:FA:6A:B5,"28,7","90,8"
2026-06-24T17:31:25,8C:4F:00:FA:6A:B5,"28,7","90,7"
2026-06-24T17:32:25,8C:4F:00:FA:6A:B5,"28,7","90,8"
2026-06-24T17:33:25,8C:4F:00:FA:6A:B5,"28,7","90,4"
2026-06-24T17:34:25,8C:4F:00:FA:6A:B5,"28,7","90,5"
2026-06-24T17:35:25,8C:4F:00:FA:6A:B5,"28,7","90,8"
2026-06-24T17:36:25,8C:4F:00:FA:6A:B5,"28,7","90,2"
2026-06-24T17:37:25,8C:4F:00:FA:6A:B5,"28,7","90,5"
2026-06-24T17:38:25,8C:4F:00:FA:6A:B5,"28,7","90,6"
2026-06-24T17:39:25,8C:4F:00:FA:6A:B5,"28,7","90,8"
2026-06-24T17:40:25,8C:4F:00:FA:6A:B5,"28,7","90,9"
2026-06-24T17:41:25,8C:4F:00:FA:6A:B5,"28,7","90,8"
2026-06-24T17:42:25,8C:4F:00:FA:6A:B5,"28,7","90,8"
2026-06-24T17:43:25,8C:4F:00:FA:6A:B5,"28,7","90,8"
2026-06-24T17:44:25,8C:4F:00:FA:6A:B5,"28,7","90,7"
2026-06-24T17:45:25,8C:4F:00:FA:6A:B5,"28,7","90,7"
2026-06-24T17:46:25,8C:4F:00:FA:6A:B5,"28,7","90,8"
2026-06-24T17:47:25,8C:4F:00:FA:6A:B5,"28,7","90,9"
2026-06-24T17:48:25,8C:4F:00:FA:6A:B5,"28,7","90,8"
2026-06-24T17:49:25,8C:4F:00:FA:6A:B5,"28,7","90,8"
2026-06-24T17:50:25,8C:4F:00:FA:6A:B5,"28,7","90,9"
2026-06-24T17:51:25,8C:4F:00:FA:6A:B5,"28,7","90,9"
2026-06-24T17:52:25,8C:4F:00:FA:6A:B5,"28,7","90,9"
2026-06-24T17:53:25,8C:4F:00:FA:6A:B5,"28,7","90,9"
2026-06-24T17:54:25,8C:4F:00:FA:6A:B5,"28,7","90,7"
2026-06-24T17:55:25,8C:4F:00:FA:6A:B5,"28,7","90,9"
2026-06-24T17:56:25,8C:4F:00:FA:6A:B5,"28,7",91
2026-06-24T17:57:25,8C:4F:00:FA:6A:B5,"28,7",91
2026-06-24T17:58:25,8C:4F:00:FA:6A:B5,"28,7",91
2026-06-24T17:59:25,8C:4F:00:FA:6A:B5,"28,7","90,9"
2026-06-24T18:00:25,8C:4F:00:FA:6A:B5,"28,7",91
2026-06-24T18:01:25,8C:4F:00:FA:6A:B5,"28,7","90,9"
2026-06-24T18:02:25,8C:4F:00:FA:6A:B5,"28,7","90,9"
2026-06-24T18:03:25,8C:4F:00:FA:6A:B5,"28,7","90,8"
2026-06-24T18:04:25,8C:4F:00:FA:6A:B5,"28,7","90,8"
2026-06-24T18:05:25,8C:4F:00:FA:6A:B5,"28,7","90,8"
2026-06-24T18:06:25,8C:4F:00:FA:6A:B5,"28,7","90,8"
2026-06-24T18:07:25,8C:4F:00:FA:6A:B5,"28,7","90,8"
2026-06-24T18:08:25,8C:4F:00:FA:6A:B5,"28,7","90,9"
2026-06-24T18:09:25,8C:4F:00:FA:6A:B5,"28,7","90,9"
2026-06-24T18:10:25,8C:4F:00:FA:6A:B5,"28,7","90,9"
2026-06-24T18:11:25,8C:4F:00:FA:6A:B5,"28,7",91
2026-06-24T18:12:25,8C:4F:00:FA:6A:B5,"28,7","91,1"
2026-06-24T18:13:25,8C:4F:00:FA:6A:B5,"28,7","91,1"
2026-06-24T18:14:25,8C:4F:00:FA:6A:B5,"28,7","91,1"
2026-06-24T18:15:25,8C:4F:00:FA:6A:B5,"28,7","91,1"
2026-06-24T18:16:25,8C:4F:00:FA:6A:B5,"28,6","91,1"
2026-06-24T18:17:25,8C:4F:00:FA:6A:B5,"28,7","91,2"
2026-06-24T18:18:25,8C:4F:00:FA:6A:B5,"28,7","91,1"
2026-06-24T18:19:25,8C:4F:00:FA:6A:B5,"28,7","91,1"
2026-06-24T18:20:25,8C:4F:00:FA:6A:B5,"28,7","91,1"
2026-06-24T18:21:25,8C:4F:00:FA:6A:B5,"28,7","91,2"
2026-06-24T18:22:25,8C:4F:00:FA:6A:B5,"28,6","91,3"
2026-06-24T18:23:25,8C:4F:00:FA:6A:B5,"28,7","91,2"
2026-06-24T18:24:25,8C:4F:00:FA:6A:B5,"28,7","91,2"
2026-06-24T18:25:25,8C:4F:00:FA:6A:B5,"28,7","91,3"
2026-06-24T18:26:25,8C:4F:00:FA:6A:B5,"28,7","91,3"
2026-06-24T18:27:25,8C:4F:00:FA:6A:B5,"28,7","91,2"
2026-06-24T18:28:25,8C:4F:00:FA:6A:B5,"28,7","91,2"
2026-06-24T18:29:25,8C:4F:00:FA:6A:B5,"28,7","91,1"
2026-06-24T18:30:25,8C:4F:00:FA:6A:B5,"28,7","91,2"
2026-06-24T18:31:25,8C:4F:00:FA:6A:B5,"28,7","91,2"
2026-06-24T18:32:25,8C:4F:00:FA:6A:B5,"28,7","91,1"
2026-06-24T18:33:25,8C:4F:00:FA:6A:B5,"28,6","91,2"
2026-06-24T18:34:25,8C:4F:00:FA:6A:B5,"28,7","91,2"
2026-06-24T18:35:25,8C:4F:00:FA:6A:B5,"28,6","91,2"
2026-06-24T18:36:25,8C:4F:00:FA:6A:B5,"28,7","91,3"
2026-06-24T18:37:25,8C:4F:00:FA:6A:B5,"28,6","91,3"
2026-06-24T18:38:25,8C:4F:00:FA:6A:B5,"28,6","91,2"
2026-06-24T18:39:25,8C:4F:00:FA:6A:B5,"28,6","91,2"
2026-06-24T18:40:25,8C:4F:00:FA:6A:B5,"28,6","91,2"
2026-06-24T18:41:25,8C:4F:00:FA:6A:B5,"28,7","91,2"
2026-06-24T18:42:25,8C:4F:00:FA:6A:B5,"28,7","91,3"
2026-06-24T18:43:25,8C:4F:00:FA:6A:B5,"28,6","91,3"
2026-06-24T18:44:25,8C:4F:00:FA:6A:B5,"28,6","91,3"
2026-06-24T18:45:25,8C:4F:00:FA:6A:B5,"28,7","91,4"
2026-06-24T18:46:25,8C:4F:00:FA:6A:B5,"28,6","91,4"
2026-06-24T18:47:25,8C:4F:00:FA:6A:B5,"28,6","91,4"
2026-06-24T18:48:25,8C:4F:00:FA:6A:B5,"28,7","91,4"
2026-06-24T18:49:25,8C:4F:00:FA:6A:B5,"28,6","91,3"
2026-06-24T18:50:25,8C:4F:00:FA:6A:B5,"28,7","91,4"
2026-06-24T18:51:25,8C:4F:00:FA:6A:B5,"28,6","91,4"
2026-06-24T18:52:25,8C:4F:00:FA:6A:B5,"28,6","91,4"
2026-06-24T18:53:25,8C:4F:00:FA:6A:B5,"28,6","91,5"
2026-06-24T18:54:25,8C:4F:00:FA:6A:B5,"28,6","91,5"
2026-06-24T18:55:25,8C:4F:00:FA:6A:B5,"28,6","91,5"
2026-06-24T18:56:25,8C:4F:00:FA:6A:B5,"28,6","91,5"
2026-06-24T18:57:25,8C:4F:00:FA:6A:B5,"28,6","91,5"
2026-06-24T18:58:25,8C:4F:00:FA:6A:B5,"28,6","91,6"
2026-06-24T18:59:25,8C:4F:00:FA:6A:B5,"28,6","91,6"
2026-06-24T19:00:25,8C:4F:00:FA:6A:B5,"28,6","91,5"
2026-06-24T19:01:25,8C:4F:00:FA:6A:B5,"28,6","91,5"
2026-06-24T19:02:25,8C:4F:00:FA:6A:B5,"28,6","91,5"
2026-06-24T19:03:25,8C:4F:00:FA:6A:B5,"28,6","91,5"
2026-06-24T19:04:25,8C:4F:00:FA:6A:B5,"28,6","91,5"
2026-06-24T19:05:25,8C:4F:00:FA:6A:B5,"28,6","91,1"
2026-06-24T19:06:25,8C:4F:00:FA:6A:B5,"28,6","91,4"
2026-06-24T19:07:25,8C:4F:00:FA:6A:B5,"28,6","91,5"
2026-06-24T19:08:25,8C:4F:00:FA:6A:B5,"28,6","91,6"
2026-06-24T19:09:25,8C:4F:00:FA:6A:B5,"28,6","91,5"
2026-06-24T19:10:25,8C:4F:00:FA:6A:B5,"28,6","91,5"
2026-06-24T19:11:25,8C:4F:00:FA:6A:B5,"28,6","91,5"
2026-06-24T19:12:25,8C:4F:00:FA:6A:B5,"28,6","91,5"
2026-06-24T19:13:25,8C:4F:00:FA:6A:B5,"28,6","91,6"
2026-06-24T19:14:25,8C:4F:00:FA:6A:B5,"28,6","91,6"
2026-06-24T19:15:25,8C:4F:00:FA:6A:B5,"28,6","91,6"
2026-06-24T19:16:25,8C:4F:00:FA:6A:B5,"28,6","91,6"
2026-06-24T19:17:25,8C:4F:00:FA:6A:B5,"28,6","91,7"
2026-06-24T19:18:25,8C:4F:00:FA:6A:B5,"28,6","91,7"
2026-06-24T19:19:25,8C:4F:00:FA:6A:B5,"28,6","91,8"
2026-06-24T19:20:25,8C:4F:00:FA:6A:B5,"28,6","91,9"
2026-06-24T19:21:25,8C:4F:00:FA:6A:B5,"28,6",92
2026-06-24T19:22:25,8C:4F:00:FA:6A:B5,"28,6",92
2026-06-24T19:23:25,8C:4F:00:FA:6A:B5,"28,6",92
2026-06-24T19:24:25,8C:4F:00:FA:6A:B5,"28,6",92
2026-06-24T19:25:25,8C:4F:00:FA:6A:B5,"28,6",92
2026-06-24T19:26:25,8C:4F:00:FA:6A:B5,"28,6","92,1"
2026-06-24T19:27:25,8C:4F:00:FA:6A:B5,"28,6","92,1"
2026-06-24T19:28:25,8C:4F:00:FA:6A:B5,"28,6","92,1"
2026-06-24T19:29:25,8C:4F:00:FA:6A:B5,"28,6","92,1"
2026-06-24T19:30:25,8C:4F:00:FA:6A:B5,"28,6","92,1"
2026-06-24T19:31:25,8C:4F:00:FA:6A:B5,"28,6",92
2026-06-24T19:32:25,8C:4F:00:FA:6A:B5,"28,6","92,1"
2026-06-24T19:33:25,8C:4F:00:FA:6A:B5,"28,6","92,1"
2026-06-24T19:34:25,8C:4F:00:FA:6A:B5,"28,6",92
2026-06-24T19:35:25,8C:4F:00:FA:6A:B5,"28,6",92
2026-06-24T19:36:25,8C:4F:00:FA:6A:B5,"28,6","91,9"
2026-06-24T19:37:25,8C:4F:00:FA:6A:B5,"28,6",92
2026-06-24T19:38:25,8C:4F:00:FA:6A:B5,"28,6","91,9"
2026-06-24T19:39:25,8C:4F:00:FA:6A:B5,"28,6",92
2026-06-24T19:40:25,8C:4F:00:FA:6A:B5,"28,6","91,9"
2026-06-24T19:41:25,8C:4F:00:FA:6A:B5,"28,6",92
2026-06-24T19:42:25,8C:4F:00:FA:6A:B5,"28,6","92,1"
2026-06-24T19:43:25,8C:4F:00:FA:6A:B5,"28,6","92,1"
2026-06-24T19:44:25,8C:4F:00:FA:6A:B5,"28,6",92
2026-06-24T19:45:25,8C:4F:00:FA:6A:B5,"28,6",92
2026-06-24T19:46:25,8C:4F:00:FA:6A:B5,"28,6","92,1"
2026-06-24T19:47:25,8C:4F:00:FA:6A:B5,"28,6","92,1"
2026-06-24T19:48:25,8C:4F:00:FA:6A:B5,"28,6","92,2"
2026-06-24T19:49:25,8C:4F:00:FA:6A:B5,"28,6","92,2"
2026-06-24T19:50:25,8C:4F:00:FA:6A:B5,"28,6","92,2"
2026-06-24T19:51:25,8C:4F:00:FA:6A:B5,"28,6","92,1"
2026-06-24T19:52:25,8C:4F:00:FA:6A:B5,"28,6","92,1"
2026-06-24T19:53:25,8C:4F:00:FA:6A:B5,"28,6","92,2"
2026-06-24T19:54:25,8C:4F:00:FA:6A:B5,"28,6","92,2"
2026-06-24T19:55:25,8C:4F:00:FA:6A:B5,"28,6","92,2"
2026-06-24T19:56:25,8C:4F:00:FA:6A:B5,"28,6","92,2"
2026-06-24T19:57:25,8C:4F:00:FA:6A:B5,"28,6","92,2"
2026-06-24T19:58:25,8C:4F:00:FA:6A:B5,"28,6","92,2"
2026-06-24T19:59:25,8C:4F:00:FA:6A:B5,"28,6","92,1"
2026-06-24T20:00:25,8C:4F:00:FA:6A:B5,"28,6","92,1"
2026-06-24T20:01:25,8C:4F:00:FA:6A:B5,"28,6","92,1"
2026-06-24T20:02:25,8C:4F:00:FA:6A:B5,"28,6","92,1"
2026-06-24T20:03:25,8C:4F:00:FA:6A:B5,"28,6","92,1"
2026-06-24T20:04:25,8C:4F:00:FA:6A:B5,"28,6","92,1"
2026-06-24T20:05:25,8C:4F:00:FA:6A:B5,"28,6","92,1"
2026-06-24T20:06:25,8C:4F:00:FA:6A:B5,"28,6","92,1"
2026-06-24T20:07:25,8C:4F:00:FA:6A:B5,"28,6","92,1"
2026-06-24T20:08:25,8C:4F:00:FA:6A:B5,"28,6","92,1"
2026-06-24T20:09:25,8C:4F:00:FA:6A:B5,"28,6","92,2"
2026-06-24T20:10:25,8C:4F:00:FA:6A:B5,"28,6","92,2"
2026-06-24T20:11:25,8C:4F:00:FA:6A:B5,"28,6","92,2"
2026-06-24T20:12:25,8C:4F:00:FA:6A:B5,"28,6","92,2"
2026-06-24T20:13:25,8C:4F:00:FA:6A:B5,"28,6","92,2"
2026-06-24T20:14:25,8C:4F:00:FA:6A:B5,"28,6","92,2"
2026-06-24T20:15:25,8C:4F:00:FA:6A:B5,"28,6","92,2"
2026-06-24T20:16:25,8C:4F:00:FA:6A:B5,"28,6","92,2"
2026-06-24T20:17:25,8C:4F:00:FA:6A:B5,"28,6","92,2"
2026-06-24T20:18:25,8C:4F:00:FA:6A:B5,"28,6","92,2"
2026-06-24T20:19:25,8C:4F:00:FA:6A:B5,"28,6","92,2"
2026-06-24T20:20:25,8C:4F:00:FA:6A:B5,"28,6","92,2"
2026-06-24T20:21:25,8C:4F:00:FA:6A:B5,"28,6","92,2"
2026-06-24T20:22:25,8C:4F:00:FA:6A:B5,"28,6","92,2"
2026-06-24T20:23:25,8C:4F:00:FA:6A:B5,"28,5","92,2"
2026-06-24T20:24:25,8C:4F:00:FA:6A:B5,"28,6","92,2"
2026-06-24T20:25:25,8C:4F:00:FA:6A:B5,"28,6","92,2"
2026-06-24T20:26:25,8C:4F:00:FA:6A:B5,"28,6","92,2"
2026-06-24T20:27:25,8C:4F:00:FA:6A:B5,"28,6","92,3"
2026-06-24T20:28:25,8C:4F:00:FA:6A:B5,"28,6","92,2"
2026-06-24T20:29:25,8C:4F:00:FA:6A:B5,"28,6","92,3"
2026-06-24T20:30:25,8C:4F:00:FA:6A:B5,"28,6","92,3"
2026-06-24T20:31:25,8C:4F:00:FA:6A:B5,"28,5","92,4"
2026-06-24T20:32:25,8C:4F:00:FA:6A:B5,"28,6","92,3"
2026-06-24T20:33:25,8C:4F:00:FA:6A:B5,"28,6","92,3"
2026-06-24T20:34:25,8C:4F:00:FA:6A:B5,"28,6","92,4"
2026-06-24T20:35:25,8C:4F:00:FA:6A:B5,"28,6","92,4"
2026-06-24T20:36:25,8C:4F:00:FA:6A:B5,"28,6","92,4"
2026-06-24T20:37:25,8C:4F:00:FA:6A:B5,"28,6","92,4"
2026-06-24T20:38:25,8C:4F:00:FA:6A:B5,"28,6","92,3"
2026-06-24T20:39:25,8C:4F:00:FA:6A:B5,"28,6","92,3"
2026-06-24T20:40:25,8C:4F:00:FA:6A:B5,"28,6","92,3"
2026-06-24T20:41:25,8C:4F:00:FA:6A:B5,"28,6","92,3"
2026-06-24T20:42:25,8C:4F:00:FA:6A:B5,"28,6","92,4"
2026-06-24T20:43:25,8C:4F:00:FA:6A:B5,"28,6","92,4"
2026-06-24T20:44:25,8C:4F:00:FA:6A:B5,"28,5","92,4"
2026-06-24T20:45:25,8C:4F:00:FA:6A:B5,"28,6","92,4"
2026-06-24T20:46:25,8C:4F:00:FA:6A:B5,"28,5","92,4"
2026-06-24T20:47:25,8C:4F:00:FA:6A:B5,"28,5","92,4"
2026-06-24T20:48:25,8C:4F:00:FA:6A:B5,"28,5","92,4"
2026-06-24T20:49:25,8C:4F:00:FA:6A:B5,"28,5","92,4"
2026-06-24T20:50:25,8C:4F:00:FA:6A:B5,"28,5","92,4"
2026-06-24T20:51:25,8C:4F:00:FA:6A:B5,"28,5","92,4"
2026-06-24T20:52:25,8C:4F:00:FA:6A:B5,"28,5","92,5"
2026-06-24T20:53:25,8C:4F:00:FA:6A:B5,"28,6","92,5"
2026-06-24T20:54:25,8C:4F:00:FA:6A:B5,"28,5","92,4"
2026-06-24T20:55:25,8C:4F:00:FA:6A:B5,"28,6","92,5"
2026-06-24T20:56:25,8C:4F:00:FA:6A:B5,"28,5","92,4"
2026-06-24T20:57:25,8C:4F:00:FA:6A:B5,"28,6","92,4"
2026-06-24T20:58:25,8C:4F:00:FA:6A:B5,"28,6","92,4"
2026-06-24T20:59:25,8C:4F:00:FA:6A:B5,"28,5","92,5"
2026-06-24T21:00:25,8C:4F:00:FA:6A:B5,"28,6","92,5"
2026-06-24T21:01:25,8C:4F:00:FA:6A:B5,"28,6","92,5"
2026-06-24T21:02:25,8C:4F:00:FA:6A:B5,"28,6","92,5"
2026-06-24T21:03:25,8C:4F:00:FA:6A:B5,"28,6","92,7"
2026-06-24T21:04:25,8C:4F:00:FA:6A:B5,"28,6","92,6"
2026-06-24T21:05:25,8C:4F:00:FA:6A:B5,"28,6","92,5"
2026-06-24T21:06:25,8C:4F:00:FA:6A:B5,"28,5","92,6"
2026-06-24T21:07:25,8C:4F:00:FA:6A:B5,"28,6","92,6"
2026-06-24T21:08:25,8C:4F:00:FA:6A:B5,"28,6","92,5"
2026-06-24T21:09:25,8C:4F:00:FA:6A:B5,"28,5","92,4"
2026-06-24T21:10:25,8C:4F:00:FA:6A:B5,"28,5","92,6"
2026-06-24T21:11:25,8C:4F:00:FA:6A:B5,"28,5","92,6"
2026-06-24T21:12:25,8C:4F:00:FA:6A:B5,"28,5","92,7"
2026-06-24T21:13:25,8C:4F:00:FA:6A:B5,"28,5","92,7"
2026-06-24T21:14:25,8C:4F:00:FA:6A:B5,"28,5","92,6"
2026-06-24T21:15:25,8C:4F:00:FA:6A:B5,"28,5","92,6"
2026-06-24T21:16:25,8C:4F:00:FA:6A:B5,"28,5","92,6"
2026-06-24T21:17:25,8C:4F:00:FA:6A:B5,"28,5","92,6"
2026-06-24T21:18:25,8C:4F:00:FA:6A:B5,"28,5","92,7"
2026-06-24T21:19:25,8C:4F:00:FA:6A:B5,"28,5","92,7"
2026-06-24T21:20:25,8C:4F:00:FA:6A:B5,"28,5","92,7"
2026-06-24T21:21:25,8C:4F:00:FA:6A:B5,"28,5","92,7"
2026-06-24T21:22:25,8C:4F:00:FA:6A:B5,"28,5","92,6"
2026-06-24T21:23:25,8C:4F:00:FA:6A:B5,"28,5","92,7"
2026-06-24T21:24:25,8C:4F:00:FA:6A:B5,"28,5","92,7"
2026-06-24T21:25:25,8C:4F:00:FA:6A:B5,"28,5","92,8"
2026-06-24T21:26:25,8C:4F:00:FA:6A:B5,"28,5","92,8"
2026-06-24T21:27:25,8C:4F:00:FA:6A:B5,"28,5","92,9"
2026-06-24T21:28:25,8C:4F:00:FA:6A:B5,"28,5","92,8"
2026-06-24T21:29:25,8C:4F:00:FA:6A:B5,"28,5","92,8"
2026-06-24T21:30:25,8C:4F:00:FA:6A:B5,"28,5","92,7"
2026-06-24T21:31:25,8C:4F:00:FA:6A:B5,"28,5","92,7"
2026-06-24T21:32:25,8C:4F:00:FA:6A:B5,"28,5","92,7"
2026-06-24T21:33:25,8C:4F:00:FA:6A:B5,"28,5","92,8"
2026-06-24T21:34:25,8C:4F:00:FA:6A:B5,"28,5","92,8"
2026-06-24T21:35:25,8C:4F:00:FA:6A:B5,"28,5","92,8"
2026-06-24T21:36:25,8C:4F:00:FA:6A:B5,"28,5","92,8"
2026-06-24T21:37:25,8C:4F:00:FA:6A:B5,"28,5","92,8"
2026-06-24T21:38:25,8C:4F:00:FA:6A:B5,"28,5","92,9"
2026-06-24T21:39:25,8C:4F:00:FA:6A:B5,"28,5","92,9"
2026-06-24T21:40:25,8C:4F:00:FA:6A:B5,"28,5","92,9"
2026-06-24T21:41:25,8C:4F:00:FA:6A:B5,"28,5","92,9"
2026-06-24T21:42:25,8C:4F:00:FA:6A:B5,"28,5","92,8"
2026-06-24T21:43:25,8C:4F:00:FA:6A:B5,"28,5","92,8"
2026-06-24T21:44:25,8C:4F:00:FA:6A:B5,"28,5","92,7"
2026-06-24T21:45:25,8C:4F:00:FA:6A:B5,"28,5","92,8"
2026-06-24T21:46:25,8C:4F:00:FA:6A:B5,"28,5","92,9"
2026-06-24T21:47:25,8C:4F:00:FA:6A:B5,"28,5","92,9"
2026-06-24T21:48:25,8C:4F:00:FA:6A:B5,"28,5","92,9"
2026-06-24T21:49:25,8C:4F:00:FA:6A:B5,"28,5","92,9"
2026-06-24T21:50:25,8C:4F:00:FA:6A:B5,"28,5",93
2026-06-24T21:51:25,8C:4F:00:FA:6A:B5,"28,5","92,9"
2026-06-24T21:52:25,8C:4F:00:FA:6A:B5,"28,5","92,9"
2026-06-24T21:53:25,8C:4F:00:FA:6A:B5,"28,5","92,9"
2026-06-24T21:54:25,8C:4F:00:FA:6A:B5,"28,5","92,7"
2026-06-24T21:55:25,8C:4F:00:FA:6A:B5,"28,5","92,7"
2026-06-24T21:56:25,8C:4F:00:FA:6A:B5,"28,5","92,4"
2026-06-24T21:57:25,8C:4F:00:FA:6A:B5,"28,5","92,6"
2026-06-24T21:58:25,8C:4F:00:FA:6A:B5,"28,5","92,7"
2026-06-24T21:59:25,8C:4F:00:FA:6A:B5,"28,5","92,7"
2026-06-24T22:00:25,8C:4F:00:FA:6A:B5,"28,5","92,7"
2026-06-24T22:01:25,8C:4F:00:FA:6A:B5,"28,5","92,8"
2026-06-24T22:02:25,8C:4F:00:FA:6A:B5,"28,5","92,9"
2026-06-24T22:03:25,8C:4F:00:FA:6A:B5,"28,5","92,9"
2026-06-24T22:04:25,8C:4F:00:FA:6A:B5,"28,5",93
2026-06-24T22:05:25,8C:4F:00:FA:6A:B5,"28,5","92,9"
2026-06-24T22:06:25,8C:4F:00:FA:6A:B5,"28,5","92,8"
2026-06-24T22:07:25,8C:4F:00:FA:6A:B5,"28,5","92,7"
2026-06-24T22:08:25,8C:4F:00:FA:6A:B5,"28,5","92,7"
2026-06-24T22:09:25,8C:4F:00:FA:6A:B5,"28,5","92,7"
2026-06-24T22:10:25,8C:4F:00:FA:6A:B5,"28,5","92,8"
2026-06-24T22:11:25,8C:4F:00:FA:6A:B5,"28,5","92,8"
2026-06-24T22:12:25,8C:4F:00:FA:6A:B5,"28,5","92,9"
2026-06-24T22:13:25,8C:4F:00:FA:6A:B5,"28,5","92,9"
2026-06-24T22:14:25,8C:4F:00:FA:6A:B5,"28,5","92,8"
2026-06-24T22:15:25,8C:4F:00:FA:6A:B5,"28,5","92,9"
2026-06-24T22:16:25,8C:4F:00:FA:6A:B5,"28,5","92,8"
2026-06-24T22:17:25,8C:4F:00:FA:6A:B5,"28,5","92,9"
2026-06-24T22:18:25,8C:4F:00:FA:6A:B5,"28,5","92,9"
2026-06-24T22:19:25,8C:4F:00:FA:6A:B5,"28,5",93
2026-06-24T22:20:25,8C:4F:00:FA:6A:B5,"28,5",93
2026-06-24T22:21:25,8C:4F:00:FA:6A:B5,"28,5",93
2026-06-24T22:22:25,8C:4F:00:FA:6A:B5,"28,5","92,9"
2026-06-24T22:23:25,8C:4F:00:FA:6A:B5,"28,5","92,8"
2026-06-24T22:24:25,8C:4F:00:FA:6A:B5,"28,5","92,8"
2026-06-24T22:25:25,8C:4F:00:FA:6A:B5,"28,5","92,8"
2026-06-24T22:26:25,8C:4F:00:FA:6A:B5,"28,5",93
2026-06-24T22:27:25,8C:4F:00:FA:6A:B5,"28,5",93
2026-06-24T22:28:25,8C:4F:00:FA:6A:B5,"28,5",93
2026-06-24T22:29:25,8C:4F:00:FA:6A:B5,"28,5","92,9"
2026-06-24T22:30:25,8C:4F:00:FA:6A:B5,"28,5","92,9"
2026-06-24T22:31:25,8C:4F:00:FA:6A:B5,"28,5","92,8"
2026-06-24T22:32:25,8C:4F:00:FA:6A:B5,"28,5",93
2026-06-24T22:33:25,8C:4F:00:FA:6A:B5,"28,5","93,1"
2026-06-24T22:34:25,8C:4F:00:FA:6A:B5,"28,5","93,2"
2026-06-24T22:35:25,8C:4F:00:FA:6A:B5,"28,5","93,1"
2026-06-24T22:36:25,8C:4F:00:FA:6A:B5,"28,5","93,1"
2026-06-24T22:37:25,8C:4F:00:FA:6A:B5,"28,5","93,1"
2026-06-24T22:38:25,8C:4F:00:FA:6A:B5,"28,5","93,1"
2026-06-24T22:39:25,8C:4F:00:FA:6A:B5,"28,5",93
2026-06-24T22:40:25,8C:4F:00:FA:6A:B5,"28,5",93
2026-06-24T22:41:25,8C:4F:00:FA:6A:B5,"28,5","93,1"
2026-06-24T22:42:25,8C:4F:00:FA:6A:B5,"28,5","93,1"
2026-06-24T22:43:25,8C:4F:00:FA:6A:B5,"28,5","93,1"
2026-06-24T22:44:25,8C:4F:00:FA:6A:B5,"28,5","92,9"
2026-06-24T22:45:25,8C:4F:00:FA:6A:B5,"28,5",93
2026-06-24T22:46:25,8C:4F:00:FA:6A:B5,"28,5","92,9"
2026-06-24T22:47:25,8C:4F:00:FA:6A:B5,"28,5","92,6"
2026-06-24T22:48:25,8C:4F:00:FA:6A:B5,"28,5",93
2026-06-24T22:49:25,8C:4F:00:FA:6A:B5,"28,5","93,1"
2026-06-24T22:50:25,8C:4F:00:FA:6A:B5,"28,5","93,2"
2026-06-24T22:51:25,8C:4F:00:FA:6A:B5,"28,5","93,2"
2026-06-24T22:52:25,8C:4F:00:FA:6A:B5,"28,5","93,2"
2026-06-24T22:53:25,8C:4F:00:FA:6A:B5,"28,5","93,2"
2026-06-24T22:54:25,8C:4F:00:FA:6A:B5,"28,5","93,2"
2026-06-24T22:55:25,8C:4F:00:FA:6A:B5,"28,5","92,9"
2026-06-24T22:56:25,8C:4F:00:FA:6A:B5,"28,5","93,2"
2026-06-24T22:57:25,8C:4F:00:FA:6A:B5,"28,5","93,1"
2026-06-24T22:58:25,8C:4F:00:FA:6A:B5,"28,5","93,2"
2026-06-24T22:59:25,8C:4F:00:FA:6A:B5,"28,5","93,1"
2026-06-24T23:00:25,8C:4F:00:FA:6A:B5,"28,5","93,2"
2026-06-24T23:01:25,8C:4F:00:FA:6A:B5,"28,5","93,2"
2026-06-24T23:02:25,8C:4F:00:FA:6A:B5,"28,5","93,2"
2026-06-24T23:03:25,8C:4F:00:FA:6A:B5,"28,5","93,1"
2026-06-24T23:04:25,8C:4F:00:FA:6A:B5,"28,5","93,1"
2026-06-24T23:05:25,8C:4F:00:FA:6A:B5,"28,5","93,1"
2026-06-24T23:06:25,8C:4F:00:FA:6A:B5,"28,5","93,2"
2026-06-24T23:07:25,8C:4F:00:FA:6A:B5,"28,5","93,2"
2026-06-24T23:08:25,8C:4F:00:FA:6A:B5,"28,5","93,2"
2026-06-24T23:09:25,8C:4F:00:FA:6A:B5,"28,5","93,2"
2026-06-23T23:22:16,8C:4F:00:FA:6A:B5,"28,5","93,2"
2026-06-23T23:23:16,8C:4F:00:FA:6A:B5,"28,5","93,2"
2026-06-23T23:24:16,8C:4F:00:FA:6A:B5,"28,5","92,9"
2026-06-23T23:25:16,8C:4F:00:FA:6A:B5,"28,5","92,8"
2026-06-23T23:26:16,8C:4F:00:FA:6A:B5,"28,5","92,7"
2026-06-23T23:27:16,8C:4F:00:FA:6A:B5,"28,5","92,9"
2026-06-23T23:28:16,8C:4F:00:FA:6A:B5,"28,5","92,9"
2026-06-23T23:29:16,8C:4F:00:FA:6A:B5,"28,5","93,2"
2026-06-23T23:30:16,8C:4F:00:FA:6A:B5,"28,5","93,2"
2026-06-23T23:31:16,8C:4F:00:FA:6A:B5,"28,5","93,2"
2026-06-23T23:32:16,8C:4F:00:FA:6A:B5,"28,5","93,1"
2026-06-23T23:33:16,8C:4F:00:FA:6A:B5,"28,5","93,2"
2026-06-23T23:34:16,8C:4F:00:FA:6A:B5,"28,5","93,2"
2026-06-23T23:35:16,8C:4F:00:FA:6A:B5,"28,5","93,1"
2026-06-23T23:36:16,8C:4F:00:FA:6A:B5,"28,6","93,1"
2026-06-23T23:37:16,8C:4F:00:FA:6A:B5,"28,5","93,1"
2026-06-23T23:38:16,8C:4F:00:FA:6A:B5,"28,5",93
2026-06-23T23:39:16,8C:4F:00:FA:6A:B5,"28,6",93
2026-06-23T23:40:16,8C:4F:00:FA:6A:B5,"28,5",93
2026-06-23T23:41:16,8C:4F:00:FA:6A:B5,"28,5",93
2026-06-23T23:42:16,8C:4F:00:FA:6A:B5,"28,5",93
2026-06-23T23:43:16,8C:4F:00:FA:6A:B5,"28,5",93
2026-06-23T23:44:16,8C:4F:00:FA:6A:B5,"28,5","92,9"
2026-06-23T23:45:16,8C:4F:00:FA:6A:B5,"28,5","92,7"
2026-06-23T23:46:16,8C:4F:00:FA:6A:B5,"28,5","92,7"
2026-06-23T23:47:16,8C:4F:00:FA:6A:B5,"28,5","92,7"
2026-06-23T23:48:16,8C:4F:00:FA:6A:B5,"28,5","92,8"
2026-06-23T23:49:16,8C:4F:00:FA:6A:B5,"28,5","92,8"
2026-06-23T23:50:16,8C:4F:00:FA:6A:B5,"28,5",93
2026-06-23T23:51:16,8C:4F:00:FA:6A:B5,"28,5","92,9"
2026-06-23T23:52:16,8C:4F:00:FA:6A:B5,"28,5","92,8"
2026-06-23T23:53:16,8C:4F:00:FA:6A:B5,"28,5","92,8"
2026-06-23T23:54:16,8C:4F:00:FA:6A:B5,"28,5","92,9"
2026-06-23T23:55:16,8C:4F:00:FA:6A:B5,"28,5","92,8"
2026-06-23T23:56:16,8C:4F:00:FA:6A:B5,"28,5","92,8"
2026-06-23T23:57:16,8C:4F:00:FA:6A:B5,"28,5","92,8"
2026-06-23T23:58:16,8C:4F:00:FA:6A:B5,"28,5","92,9"
2026-06-23T23:59:16,8C:4F:00:FA:6A:B5,"28,5","92,8"
2026-06-24T00:00:16,8C:4F:00:FA:6A:B5,"28,5","92,8"
2026-06-24T00:01:16,8C:4F:00:FA:6A:B5,"28,5","92,8"
2026-06-24T00:02:16,8C:4F:00:FA:6A:B5,"28,5","92,8"
2026-06-24T00:03:16,8C:4F:00:FA:6A:B5,"28,5","92,7"
2026-06-24T00:04:16,8C:4F:00:FA:6A:B5,"28,5","92,8"
2026-06-24T00:05:16,8C:4F:00:FA:6A:B5,"28,5","92,8"
2026-06-24T00:06:16,8C:4F:00:FA:6A:B5,"28,5","92,8"
2026-06-24T00:07:16,8C:4F:00:FA:6A:B5,"28,5","92,8"
2026-06-24T00:08:16,8C:4F:00:FA:6A:B5,"28,5","92,7"
2026-06-24T00:09:16,8C:4F:00:FA:6A:B5,"28,5","92,7"
2026-06-24T00:10:16,8C:4F:00:FA:6A:B5,"28,5","92,8"
2026-06-24T00:11:16,8C:4F:00:FA:6A:B5,"28,5","92,9"
2026-06-24T00:12:16,8C:4F:00:FA:6A:B5,"28,5","92,9"
2026-06-24T00:13:16,8C:4F:00:FA:6A:B5,"28,5","92,9"
2026-06-24T00:14:16,8C:4F:00:FA:6A:B5,"28,5","92,9"
2026-06-24T00:15:16,8C:4F:00:FA:6A:B5,"28,5","92,8"
2026-06-24T00:16:16,8C:4F:00:FA:6A:B5,"28,5","92,8"
2026-06-24T00:17:16,8C:4F:00:FA:6A:B5,"28,5","92,8"
2026-06-24T00:18:16,8C:4F:00:FA:6A:B5,"28,5","92,8"
2026-06-24T00:19:16,8C:4F:00:FA:6A:B5,"28,5","92,8"
2026-06-24T00:20:16,8C:4F:00:FA:6A:B5,"28,5","92,8"
2026-06-24T00:21:16,8C:4F:00:FA:6A:B5,"28,5","92,8"
2026-06-24T00:22:16,8C:4F:00:FA:6A:B5,"28,5","92,8"
2026-06-24T00:23:16,8C:4F:00:FA:6A:B5,"28,5","92,9"
2026-06-24T00:24:16,8C:4F:00:FA:6A:B5,"28,5","92,8"
2026-06-24T00:25:16,8C:4F:00:FA:6A:B5,"28,5","92,9"
2026-06-24T00:26:16,8C:4F:00:FA:6A:B5,"28,5","92,9"
2026-06-24T00:27:16,8C:4F:00:FA:6A:B5,"28,5","92,9"
2026-06-24T00:28:16,8C:4F:00:FA:6A:B5,"28,5","92,9"
2026-06-24T00:29:16,8C:4F:00:FA:6A:B5,"28,5","92,9"
2026-06-24T00:30:16,8C:4F:00:FA:6A:B5,"28,5","92,8"
2026-06-24T00:31:16,8C:4F:00:FA:6A:B5,"28,4","92,7"
2026-06-24T00:32:16,8C:4F:00:FA:6A:B5,"28,4","92,7"
2026-06-24T00:33:16,8C:4F:00:FA:6A:B5,"28,4","92,9"
2026-06-24T00:34:16,8C:4F:00:FA:6A:B5,"28,5","92,9"
2026-06-24T00:35:16,8C:4F:00:FA:6A:B5,"28,5","92,7"
2026-06-24T00:36:16,8C:4F:00:FA:6A:B5,"28,5","92,8"
2026-06-24T00:37:16,8C:4F:00:FA:6A:B5,"28,5","92,7"
2026-06-24T00:38:16,8C:4F:00:FA:6A:B5,"28,4","92,8"
2026-06-24T00:39:16,8C:4F:00:FA:6A:B5,"28,5","92,8"
2026-06-24T00:40:16,8C:4F:00:FA:6A:B5,"28,4","92,8"
2026-06-24T00:41:16,8C:4F:00:FA:6A:B5,"28,4","92,8"
2026-06-24T00:42:16,8C:4F:00:FA:6A:B5,"28,4","92,9"
2026-06-24T00:43:16,8C:4F:00:FA:6A:B5,"28,5","92,9"
2026-06-24T00:44:16,8C:4F:00:FA:6A:B5,"28,4","92,8"
2026-06-24T00:45:16,8C:4F:00:FA:6A:B5,"28,4","92,9"
2026-06-24T00:46:16,8C:4F:00:FA:6A:B5,"28,4","92,9"
2026-06-24T00:47:16,8C:4F:00:FA:6A:B5,"28,4","92,8"
2026-06-24T00:48:16,8C:4F:00:FA:6A:B5,"28,4","92,8"
2026-06-24T00:49:16,8C:4F:00:FA:6A:B5,"28,4","92,8"
2026-06-24T00:50:16,8C:4F:00:FA:6A:B5,"28,4","92,9"
2026-06-24T00:51:16,8C:4F:00:FA:6A:B5,"28,4","92,9"
2026-06-24T00:52:16,8C:4F:00:FA:6A:B5,"28,4","92,9"
2026-06-24T00:53:16,8C:4F:00:FA:6A:B5,"28,4",93
2026-06-24T00:54:16,8C:4F:00:FA:6A:B5,"28,4","93,2"
2026-06-24T00:55:16,8C:4F:00:FA:6A:B5,"28,4","93,1"
2026-06-24T00:56:16,8C:4F:00:FA:6A:B5,"28,4","93,1"
2026-06-24T00:57:16,8C:4F:00:FA:6A:B5,"28,4","93,1"
2026-06-24T00:58:16,8C:4F:00:FA:6A:B5,"28,4",93
2026-06-24T00:59:16,8C:4F:00:FA:6A:B5,"28,4","92,9"
2026-06-24T01:00:16,8C:4F:00:FA:6A:B5,"28,4","92,9"
2026-06-24T01:01:16,8C:4F:00:FA:6A:B5,"28,4","92,9"
2026-06-24T01:02:16,8C:4F:00:FA:6A:B5,"28,4","92,9"
2026-06-24T01:03:16,8C:4F:00:FA:6A:B5,"28,4",93
2026-06-24T01:04:16,8C:4F:00:FA:6A:B5,"28,4","93,1"
2026-06-24T01:05:16,8C:4F:00:FA:6A:B5,"28,4","93,1"
2026-06-24T01:06:16,8C:4F:00:FA:6A:B5,"28,4","93,1"
2026-06-24T01:07:16,8C:4F:00:FA:6A:B5,"28,4","93,1"
2026-06-24T01:08:16,8C:4F:00:FA:6A:B5,"28,4",93
2026-06-24T01:09:16,8C:4F:00:FA:6A:B5,"28,4",93
2026-06-24T01:10:16,8C:4F:00:FA:6A:B5,"28,4",93
2026-06-24T01:11:16,8C:4F:00:FA:6A:B5,"28,4",93
2026-06-24T01:12:16,8C:4F:00:FA:6A:B5,"28,4",93
2026-06-24T01:13:16,8C:4F:00:FA:6A:B5,"28,4",93
2026-06-24T01:14:16,8C:4F:00:FA:6A:B5,"28,4",93
2026-06-24T01:15:16,8C:4F:00:FA:6A:B5,"28,4","93,1"
2026-06-24T01:16:16,8C:4F:00:FA:6A:B5,"28,4","93,1"
2026-06-24T01:17:16,8C:4F:00:FA:6A:B5,"28,4","93,1"
2026-06-24T01:18:16,8C:4F:00:FA:6A:B5,"28,4","93,1"
2026-06-24T01:19:16,8C:4F:00:FA:6A:B5,"28,4","93,1"
2026-06-24T01:20:16,8C:4F:00:FA:6A:B5,"28,4","93,1"
2026-06-24T01:21:16,8C:4F:00:FA:6A:B5,"28,4","93,1"
2026-06-24T01:22:16,8C:4F:00:FA:6A:B5,"28,4","93,1"
2026-06-24T01:23:16,8C:4F:00:FA:6A:B5,"28,4","93,2"
2026-06-24T01:24:16,8C:4F:00:FA:6A:B5,"28,4","93,2"
2026-06-24T01:25:16,8C:4F:00:FA:6A:B5,"28,4","93,2"
2026-06-24T01:26:16,8C:4F:00:FA:6A:B5,"28,4","93,1"
2026-06-24T01:27:16,8C:4F:00:FA:6A:B5,"28,4",93
2026-06-24T01:28:16,8C:4F:00:FA:6A:B5,"28,4","93,1"
2026-06-24T01:29:16,8C:4F:00:FA:6A:B5,"28,4","93,1"
2026-06-24T01:30:16,8C:4F:00:FA:6A:B5,"28,4","93,1"
2026-06-24T01:31:16,8C:4F:00:FA:6A:B5,"28,4","93,1"
2026-06-24T01:32:16,8C:4F:00:FA:6A:B5,"28,4","93,1"
2026-06-24T01:33:16,8C:4F:00:FA:6A:B5,"28,4","93,1"
2026-06-24T01:34:16,8C:4F:00:FA:6A:B5,"28,4","93,1"
2026-06-24T01:35:16,8C:4F:00:FA:6A:B5,"28,4",93
2026-06-24T01:36:16,8C:4F:00:FA:6A:B5,"28,4",93
2026-06-24T01:37:16,8C:4F:00:FA:6A:B5,"28,4","93,1"
2026-06-24T01:38:16,8C:4F:00:FA:6A:B5,"28,4","93,1"
2026-06-24T01:39:16,8C:4F:00:FA:6A:B5,"28,4","93,1"
2026-06-24T01:40:16,8C:4F:00:FA:6A:B5,"28,4","93,2"
2026-06-24T01:41:16,8C:4F:00:FA:6A:B5,"28,4","93,2"
2026-06-24T01:42:16,8C:4F:00:FA:6A:B5,"28,4","93,1"
2026-06-24T01:43:16,8C:4F:00:FA:6A:B5,"28,4","93,1"
2026-06-24T01:44:16,8C:4F:00:FA:6A:B5,"28,4","93,1"
2026-06-24T01:45:16,8C:4F:00:FA:6A:B5,"28,4","93,2"
2026-06-24T01:46:16,8C:4F:00:FA:6A:B5,"28,4","93,3"
2026-06-24T01:47:16,8C:4F:00:FA:6A:B5,"28,4","93,2"
2026-06-24T01:48:16,8C:4F:00:FA:6A:B5,"28,4","93,3"
2026-06-24T01:49:16,8C:4F:00:FA:6A:B5,"28,4","93,3"
2026-06-24T01:50:16,8C:4F:00:FA:6A:B5,"28,4","93,2"
2026-06-24T01:51:16,8C:4F:00:FA:6A:B5,"28,4","93,2"
2026-06-24T01:52:16,8C:4F:00:FA:6A:B5,"28,4","93,1"
2026-06-24T01:53:16,8C:4F:00:FA:6A:B5,"28,4","93,1"
2026-06-24T01:54:16,8C:4F:00:FA:6A:B5,"28,4","93,2"
2026-06-24T01:55:16,8C:4F:00:FA:6A:B5,"28,4","93,1"
2026-06-24T01:56:16,8C:4F:00:FA:6A:B5,"28,4","93,1"
2026-06-24T01:57:16,8C:4F:00:FA:6A:B5,"28,4","93,1"
2026-06-24T01:58:16,8C:4F:00:FA:6A:B5,"28,4","93,2"
2026-06-24T01:59:16,8C:4F:00:FA:6A:B5,"28,4","93,2"
2026-06-24T02:00:16,8C:4F:00:FA:6A:B5,"28,4","93,1"
2026-06-24T02:01:16,8C:4F:00:FA:6A:B5,"28,4","93,2"
2026-06-24T02:02:16,8C:4F:00:FA:6A:B5,"28,4","93,1"
2026-06-24T02:03:16,8C:4F:00:FA:6A:B5,"28,4",93
2026-06-24T02:04:16,8C:4F:00:FA:6A:B5,"28,4","93,1"
2026-06-24T02:05:16,8C:4F:00:FA:6A:B5,"28,4","93,1"
2026-06-24T02:06:16,8C:4F:00:FA:6A:B5,"28,4","93,2"
2026-06-24T02:07:16,8C:4F:00:FA:6A:B5,"28,4","93,3"
2026-06-24T02:08:16,8C:4F:00:FA:6A:B5,"28,4","93,2"
2026-06-24T02:09:16,8C:4F:00:FA:6A:B5,"28,4","93,3"
2026-06-24T02:10:16,8C:4F:00:FA:6A:B5,"28,4","93,3"
2026-06-24T02:11:16,8C:4F:00:FA:6A:B5,"28,4","93,3"
2026-06-24T02:12:16,8C:4F:00:FA:6A:B5,"28,4","93,3"
2026-06-24T02:13:16,8C:4F:00:FA:6A:B5,"28,4","93,2"
2026-06-24T02:14:16,8C:4F:00:FA:6A:B5,"28,4","93,2"
2026-06-24T02:15:16,8C:4F:00:FA:6A:B5,"28,4","93,2"
2026-06-24T02:16:16,8C:4F:00:FA:6A:B5,"28,4","93,3"
2026-06-24T02:17:16,8C:4F:00:FA:6A:B5,"28,4","93,2"
2026-06-24T02:18:16,8C:4F:00:FA:6A:B5,"28,4","93,2"
2026-06-24T02:19:16,8C:4F:00:FA:6A:B5,"28,4","93,1"
2026-06-24T02:20:16,8C:4F:00:FA:6A:B5,"28,4","93,1"
2026-06-24T02:21:16,8C:4F:00:FA:6A:B5,"28,4","93,1"
2026-06-24T02:22:16,8C:4F:00:FA:6A:B5,"28,4","93,1"
2026-06-24T02:23:16,8C:4F:00:FA:6A:B5,"28,4","93,2"
2026-06-24T02:24:16,8C:4F:00:FA:6A:B5,"28,4","93,2"
2026-06-24T02:25:16,8C:4F:00:FA:6A:B5,"28,4","93,2"
2026-06-24T02:26:16,8C:4F:00:FA:6A:B5,"28,4","93,2"
2026-06-24T02:27:16,8C:4F:00:FA:6A:B5,"28,3","93,2"
2026-06-24T02:28:16,8C:4F:00:FA:6A:B5,"28,4","93,1"
2026-06-24T02:29:16,8C:4F:00:FA:6A:B5,"28,3","93,3"
2026-06-24T02:30:16,8C:4F:00:FA:6A:B5,"28,3","93,4"
2026-06-24T02:31:16,8C:4F:00:FA:6A:B5,"28,4","93,3"
2026-06-24T02:32:16,8C:4F:00:FA:6A:B5,"28,4","93,2"
2026-06-24T02:33:16,8C:4F:00:FA:6A:B5,"28,3","93,3"
2026-06-24T02:34:16,8C:4F:00:FA:6A:B5,"28,4","93,3"
2026-06-24T02:35:16,8C:4F:00:FA:6A:B5,"28,4","93,2"
2026-06-24T02:36:16,8C:4F:00:FA:6A:B5,"28,3","93,1"
2026-06-24T02:37:16,8C:4F:00:FA:6A:B5,"28,3",93
2026-06-24T02:38:16,8C:4F:00:FA:6A:B5,"28,3",93
2026-06-24T02:39:16,8C:4F:00:FA:6A:B5,"28,4","93,1"
2026-06-24T02:40:16,8C:4F:00:FA:6A:B5,"28,3","93,1"
2026-06-24T02:41:16,8C:4F:00:FA:6A:B5,"28,3","93,2"
2026-06-24T02:42:16,8C:4F:00:FA:6A:B5,"28,4","92,9"
2026-06-24T02:43:16,8C:4F:00:FA:6A:B5,"28,3","92,8"
2026-06-24T02:44:16,8C:4F:00:FA:6A:B5,"28,4","93,2"
2026-06-24T02:45:16,8C:4F:00:FA:6A:B5,"28,4","93,2"
2026-06-24T02:46:16,8C:4F:00:FA:6A:B5,"28,3","93,1"
2026-06-24T02:47:16,8C:4F:00:FA:6A:B5,"28,3","93,2"
2026-06-24T02:48:16,8C:4F:00:FA:6A:B5,"28,3","93,1"
2026-06-24T02:49:16,8C:4F:00:FA:6A:B5,"28,3",93
2026-06-24T02:50:16,8C:4F:00:FA:6A:B5,"28,3",93
2026-06-24T02:51:16,8C:4F:00:FA:6A:B5,"28,3",93
2026-06-24T02:52:16,8C:4F:00:FA:6A:B5,"28,3","93,1"
2026-06-24T02:53:16,8C:4F:00:FA:6A:B5,"28,3","93,1"
2026-06-24T02:54:16,8C:4F:00:FA:6A:B5,"28,3","93,1"
2026-06-24T02:55:16,8C:4F:00:FA:6A:B5,"28,3","93,2"
2026-06-24T02:56:16,8C:4F:00:FA:6A:B5,"28,3","93,2"
2026-06-24T02:57:16,8C:4F:00:FA:6A:B5,"28,3",93
2026-06-24T02:58:16,8C:4F:00:FA:6A:B5,"28,3","93,2"
2026-06-24T02:59:16,8C:4F:00:FA:6A:B5,"28,3","93,2"
2026-06-24T03:00:16,8C:4F:00:FA:6A:B5,"28,3","93,2"
2026-06-24T03:01:16,8C:4F:00:FA:6A:B5,"28,3","93,3"
2026-06-24T03:02:16,8C:4F:00:FA:6A:B5,"28,3","93,3"
2026-06-24T03:03:16,8C:4F:00:FA:6A:B5,"28,3","93,2"
2026-06-24T03:04:16,8C:4F:00:FA:6A:B5,"28,3","93,2"
2026-06-24T03:05:16,8C:4F:00:FA:6A:B5,"28,3","93,1"
2026-06-24T03:06:16,8C:4F:00:FA:6A:B5,"28,3","93,1"
2026-06-24T03:07:16,8C:4F:00:FA:6A:B5,"28,3","93,2"
2026-06-24T03:08:16,8C:4F:00:FA:6A:B5,"28,3","93,2"
2026-06-24T03:09:16,8C:4F:00:FA:6A:B5,"28,3","93,2"
2026-06-24T03:10:16,8C:4F:00:FA:6A:B5,"28,3","93,2"
2026-06-24T03:11:16,8C:4F:00:FA:6A:B5,"28,3","93,2"
2026-06-24T03:12:16,8C:4F:00:FA:6A:B5,"28,3","93,2"
2026-06-24T03:13:16,8C:4F:00:FA:6A:B5,"28,3","93,2"
2026-06-24T03:14:16,8C:4F:00:FA:6A:B5,"28,3","93,2"
2026-06-24T03:15:16,8C:4F:00:FA:6A:B5,"28,3","93,2"
2026-06-24T03:16:16,8C:4F:00:FA:6A:B5,"28,3","93,2"
2026-06-24T03:17:16,8C:4F:00:FA:6A:B5,"28,3","93,2"
2026-06-24T03:18:16,8C:4F:00:FA:6A:B5,"28,3","93,2"
2026-06-24T03:19:16,8C:4F:00:FA:6A:B5,"28,3","93,2"
2026-06-24T03:20:16,8C:4F:00:FA:6A:B5,"28,3","93,2"
2026-06-24T03:21:16,8C:4F:00:FA:6A:B5,"28,3","93,2"
2026-06-24T03:22:16,8C:4F:00:FA:6A:B5,"28,3","93,2"
2026-06-24T03:23:16,8C:4F:00:FA:6A:B5,"28,3","93,2"
2026-06-24T03:24:16,8C:4F:00:FA:6A:B5,"28,3","93,2"
2026-06-24T03:25:16,8C:4F:00:FA:6A:B5,"28,3","93,4"
2026-06-24T03:26:16,8C:4F:00:FA:6A:B5,"28,3","93,4"
2026-06-24T03:27:16,8C:4F:00:FA:6A:B5,"28,3","93,4"
2026-06-24T03:28:16,8C:4F:00:FA:6A:B5,"28,3","93,4"
2026-06-24T03:29:16,8C:4F:00:FA:6A:B5,"28,3","93,4"
2026-06-24T03:30:16,8C:4F:00:FA:6A:B5,"28,3","93,3"
2026-06-24T03:31:16,8C:4F:00:FA:6A:B5,"28,3","93,3"
2026-06-24T03:32:16,8C:4F:00:FA:6A:B5,"28,3","93,3"
2026-06-24T03:33:16,8C:4F:00:FA:6A:B5,"28,3","93,3"
2026-06-24T03:34:16,8C:4F:00:FA:6A:B5,"28,3","93,2"
2026-06-24T03:35:16,8C:4F:00:FA:6A:B5,"28,3","93,3"
2026-06-24T03:36:16,8C:4F:00:FA:6A:B5,"28,3","93,3"
2026-06-24T03:37:16,8C:4F:00:FA:6A:B5,"28,3","93,4"
2026-06-24T03:38:16,8C:4F:00:FA:6A:B5,"28,3","93,4"
2026-06-24T03:39:16,8C:4F:00:FA:6A:B5,"28,3","93,5"
2026-06-24T03:40:16,8C:4F:00:FA:6A:B5,"28,3","93,4"
2026-06-24T03:41:16,8C:4F:00:FA:6A:B5,"28,3","93,5"
2026-06-24T03:42:16,8C:4F:00:FA:6A:B5,"28,3","93,5"
2026-06-24T03:43:16,8C:4F:00:FA:6A:B5,"28,3","93,5"
2026-06-24T03:44:16,8C:4F:00:FA:6A:B5,"28,3","93,4"
2026-06-24T03:45:16,8C:4F:00:FA:6A:B5,"28,3","93,4"
2026-06-24T03:46:16,8C:4F:00:FA:6A:B5,"28,3","93,4"
2026-06-24T03:47:16,8C:4F:00:FA:6A:B5,"28,3","93,3"
2026-06-24T03:48:16,8C:4F:00:FA:6A:B5,"28,3","93,4"
2026-06-24T03:49:16,8C:4F:00:FA:6A:B5,"28,3","93,3"
2026-06-24T03:50:16,8C:4F:00:FA:6A:B5,"28,3","93,3"
2026-06-24T03:51:16,8C:4F:00:FA:6A:B5,"28,3","93,3"
2026-06-24T03:52:16,8C:4F:00:FA:6A:B5,"28,3","93,4"
2026-06-24T03:53:16,8C:4F:00:FA:6A:B5,"28,3","93,4"
2026-06-24T03:54:16,8C:4F:00:FA:6A:B5,"28,3","93,5"
2026-06-24T03:55:16,8C:4F:00:FA:6A:B5,"28,3","93,5"
2026-06-24T03:56:16,8C:4F:00:FA:6A:B5,"28,3","93,6"
2026-06-24T03:57:16,8C:4F:00:FA:6A:B5,"28,3","93,6"
2026-06-24T03:58:16,8C:4F:00:FA:6A:B5,"28,3","93,6"
2026-06-24T03:59:16,8C:4F:00:FA:6A:B5,"28,3","93,5"
2026-06-24T04:00:16,8C:4F:00:FA:6A:B5,"28,3","93,5"
2026-06-24T04:01:16,8C:4F:00:FA:6A:B5,"28,3","93,4"
2026-06-24T04:02:16,8C:4F:00:FA:6A:B5,"28,3","93,4"
2026-06-24T04:03:16,8C:4F:00:FA:6A:B5,"28,3","93,4"
2026-06-24T04:04:16,8C:4F:00:FA:6A:B5,"28,3","93,4"
2026-06-24T04:05:16,8C:4F:00:FA:6A:B5,"28,3","93,4"
2026-06-24T04:06:16,8C:4F:00:FA:6A:B5,"28,3","93,4"
2026-06-24T04:07:16,8C:4F:00:FA:6A:B5,"28,3","93,4"
2026-06-24T04:08:16,8C:4F:00:FA:6A:B5,"28,3","93,5"
2026-06-24T04:09:16,8C:4F:00:FA:6A:B5,"28,3","93,5"
2026-06-24T04:10:16,8C:4F:00:FA:6A:B5,"28,3","93,5"
2026-06-24T04:11:16,8C:4F:00:FA:6A:B5,"28,3","93,5"
2026-06-24T04:12:16,8C:4F:00:FA:6A:B5,"28,3","93,5"
2026-06-24T04:13:16,8C:4F:00:FA:6A:B5,"28,3","93,5"
2026-06-24T04:14:16,8C:4F:00:FA:6A:B5,"28,3","93,5"
2026-06-24T04:15:16,8C:4F:00:FA:6A:B5,"28,3","93,5"
2026-06-24T04:16:16,8C:4F:00:FA:6A:B5,"28,3","93,5"
2026-06-24T04:17:16,8C:4F:00:FA:6A:B5,"28,3","93,5"
2026-06-24T04:18:16,8C:4F:00:FA:6A:B5,"28,3","93,5"
2026-06-24T04:19:16,8C:4F:00:FA:6A:B5,"28,3","93,5"
2026-06-24T04:20:16,8C:4F:00:FA:6A:B5,"28,3","93,5"
2026-06-24T04:21:16,8C:4F:00:FA:6A:B5,"28,3","93,5"
2026-06-24T04:22:16,8C:4F:00:FA:6A:B5,"28,3","93,5"
2026-06-24T04:23:16,8C:4F:00:FA:6A:B5,"28,3","93,5"
2026-06-24T04:24:16,8C:4F:00:FA:6A:B5,"28,3","93,5"
2026-06-24T04:25:16,8C:4F:00:FA:6A:B5,"28,3","93,5"
2026-06-24T04:26:16,8C:4F:00:FA:6A:B5,"28,3","93,5"
2026-06-24T04:27:16,8C:4F:00:FA:6A:B5,"28,4","93,6"
2026-06-24T04:28:16,8C:4F:00:FA:6A:B5,"28,3","93,5"
2026-06-24T04:29:16,8C:4F:00:FA:6A:B5,"28,3","93,6"
2026-06-24T04:30:16,8C:4F:00:FA:6A:B5,"28,3","93,6"
2026-06-24T04:31:16,8C:4F:00:FA:6A:B5,"28,3","93,6"
2026-06-24T04:32:16,8C:4F:00:FA:6A:B5,"28,3","93,6"
2026-06-24T04:33:16,8C:4F:00:FA:6A:B5,"28,3","93,5"
2026-06-24T04:34:16,8C:4F:00:FA:6A:B5,"28,3","93,5"
2026-06-24T04:35:16,8C:4F:00:FA:6A:B5,"28,3","93,5"
2026-06-24T04:36:16,8C:4F:00:FA:6A:B5,"28,3","93,5"
2026-06-24T04:37:16,8C:4F:00:FA:6A:B5,"28,3","93,5"
2026-06-24T04:38:16,8C:4F:00:FA:6A:B5,"28,3","93,5"
2026-06-24T04:39:16,8C:4F:00:FA:6A:B5,"28,3","93,4"
2026-06-24T04:40:16,8C:4F:00:FA:6A:B5,"28,3","93,4"
2026-06-24T04:41:16,8C:4F:00:FA:6A:B5,"28,3","93,4"
2026-06-24T04:42:16,8C:4F:00:FA:6A:B5,"28,3","93,4"
2026-06-24T04:43:16,8C:4F:00:FA:6A:B5,"28,3","93,4"
2026-06-24T04:44:16,8C:4F:00:FA:6A:B5,"28,3","93,4"
2026-06-24T04:45:16,8C:4F:00:FA:6A:B5,"28,3","93,4"
2026-06-24T04:46:16,8C:4F:00:FA:6A:B5,"28,3","93,4"
2026-06-24T04:47:16,8C:4F:00:FA:6A:B5,"28,3","93,5"
2026-06-24T04:48:16,8C:4F:00:FA:6A:B5,"28,3","93,5"
2026-06-24T04:49:16,8C:4F:00:FA:6A:B5,"28,3","93,5"
2026-06-24T04:50:16,8C:4F:00:FA:6A:B5,"28,3","93,5"
2026-06-24T04:51:16,8C:4F:00:FA:6A:B5,"28,3","93,5"
2026-06-24T04:52:16,8C:4F:00:FA:6A:B5,"28,3","93,5"
2026-06-24T04:53:16,8C:4F:00:FA:6A:B5,"28,3","93,5"
2026-06-24T04:54:16,8C:4F:00:FA:6A:B5,"28,3","93,4"
2026-06-24T04:55:16,8C:4F:00:FA:6A:B5,"28,3","93,4"
2026-06-24T04:56:16,8C:4F:00:FA:6A:B5,"28,3","93,4"
2026-06-24T04:57:16,8C:4F:00:FA:6A:B5,"28,3","93,4"
2026-06-24T04:58:16,8C:4F:00:FA:6A:B5,"28,3","93,4"
2026-06-24T04:59:16,8C:4F:00:FA:6A:B5,"28,3","93,4"
2026-06-24T05:00:16,8C:4F:00:FA:6A:B5,"28,3","93,3"
2026-06-24T05:01:16,8C:4F:00:FA:6A:B5,"28,3","93,2"
2026-06-24T05:02:16,8C:4F:00:FA:6A:B5,"28,3","93,2"
2026-06-24T05:03:16,8C:4F:00:FA:6A:B5,"28,3","93,1"
2026-06-24T05:04:16,8C:4F:00:FA:6A:B5,"28,3","93,2"
2026-06-24T05:05:16,8C:4F:00:FA:6A:B5,"28,3","93,1"
2026-06-24T05:06:16,8C:4F:00:FA:6A:B5,"28,3","93,4"
2026-06-24T05:07:16,8C:4F:00:FA:6A:B5,"28,3","93,4"
2026-06-24T05:08:16,8C:4F:00:FA:6A:B5,"28,3","93,3"
2026-06-24T05:09:16,8C:4F:00:FA:6A:B5,"28,3","93,3"
2026-06-24T05:10:16,8C:4F:00:FA:6A:B5,"28,3","93,2"
2026-06-24T05:11:16,8C:4F:00:FA:6A:B5,"28,3","93,2"
2026-06-24T05:12:16,8C:4F:00:FA:6A:B5,"28,3","93,2"
2026-06-24T05:13:16,8C:4F:00:FA:6A:B5,"28,3","93,2"
2026-06-24T05:14:16,8C:4F:00:FA:6A:B5,"28,3","93,3"
2026-06-24T05:15:16,8C:4F:00:FA:6A:B5,"28,3","93,3"
2026-06-24T05:16:16,8C:4F:00:FA:6A:B5,"28,3","93,3"
2026-06-24T05:17:16,8C:4F:00:FA:6A:B5,"28,3","93,3"
2026-06-24T05:18:16,8C:4F:00:FA:6A:B5,"28,3","93,3"
2026-06-24T05:19:16,8C:4F:00:FA:6A:B5,"28,3","93,3"
2026-06-24T05:20:16,8C:4F:00:FA:6A:B5,"28,3","93,3"
2026-06-24T05:21:16,8C:4F:00:FA:6A:B5,"28,3","93,3"
2026-06-24T05:22:16,8C:4F:00:FA:6A:B5,"28,3","93,4"
2026-06-24T05:23:16,8C:4F:00:FA:6A:B5,"28,3","93,4"
2026-06-24T05:24:16,8C:4F:00:FA:6A:B5,"28,3","93,4"
2026-06-24T05:25:16,8C:4F:00:FA:6A:B5,"28,3","93,4"
2026-06-24T05:26:16,8C:4F:00:FA:6A:B5,"28,3","93,4"
2026-06-24T05:27:16,8C:4F:00:FA:6A:B5,"28,3","93,4"
2026-06-24T05:28:16,8C:4F:00:FA:6A:B5,"28,3","93,4"
2026-06-24T05:29:16,8C:4F:00:FA:6A:B5,"28,3","93,5"
2026-06-24T05:30:16,8C:4F:00:FA:6A:B5,"28,3","93,4"
2026-06-24T05:31:16,8C:4F:00:FA:6A:B5,"28,3","93,5"
2026-06-24T05:32:16,8C:4F:00:FA:6A:B5,"28,3","93,3"
2026-06-24T05:33:16,8C:4F:00:FA:6A:B5,"28,3","93,3"
2026-06-24T05:34:16,8C:4F:00:FA:6A:B5,"28,3","93,4"
2026-06-24T05:35:16,8C:4F:00:FA:6A:B5,"28,3","93,4"
2026-06-24T05:36:16,8C:4F:00:FA:6A:B5,"28,3","93,4"
2026-06-24T05:37:16,8C:4F:00:FA:6A:B5,"28,3","93,4"
2026-06-24T05:38:16,8C:4F:00:FA:6A:B5,"28,3","93,3"
2026-06-24T05:39:16,8C:4F:00:FA:6A:B5,"28,3","93,4"
2026-06-24T05:40:16,8C:4F:00:FA:6A:B5,"28,3","93,4"
2026-06-24T05:41:16,8C:4F:00:FA:6A:B5,"28,3","93,5"
2026-06-24T05:42:16,8C:4F:00:FA:6A:B5,"28,3","93,5"
2026-06-24T05:43:16,8C:4F:00:FA:6A:B5,"28,3","93,6"
2026-06-24T05:44:16,8C:4F:00:FA:6A:B5,"28,3","93,4"
2026-06-24T05:45:16,8C:4F:00:FA:6A:B5,"28,3","93,6"
2026-06-24T05:46:16,8C:4F:00:FA:6A:B5,"28,3","93,6"
2026-06-24T05:47:16,8C:4F:00:FA:6A:B5,"28,3","93,6"
2026-06-24T05:48:16,8C:4F:00:FA:6A:B5,"28,3","93,5"
2026-06-24T05:49:16,8C:4F:00:FA:6A:B5,"28,3","93,3"
2026-06-24T05:50:16,8C:4F:00:FA:6A:B5,"28,3","93,6"
2026-06-24T05:51:16,8C:4F:00:FA:6A:B5,"28,3","93,2"
2026-06-24T05:52:16,8C:4F:00:FA:6A:B5,"28,3","93,6"
2026-06-24T05:53:16,8C:4F:00:FA:6A:B5,"28,3","93,5"
2026-06-24T05:54:16,8C:4F:00:FA:6A:B5,"28,3","93,6"
2026-06-24T05:55:16,8C:4F:00:FA:6A:B5,"28,3","93,7"
2026-06-24T05:56:16,8C:4F:00:FA:6A:B5,"28,3","93,7"
2026-06-24T05:57:16,8C:4F:00:FA:6A:B5,"28,3","93,7"
2026-06-24T05:58:16,8C:4F:00:FA:6A:B5,"28,3","93,7"
2026-06-24T05:59:16,8C:4F:00:FA:6A:B5,"28,3","93,5"
2026-06-24T06:00:16,8C:4F:00:FA:6A:B5,"28,3","93,7"
2026-06-24T06:01:16,8C:4F:00:FA:6A:B5,"28,3","93,6"
2026-06-24T06:02:16,8C:4F:00:FA:6A:B5,"28,3","93,7"
2026-06-24T06:03:16,8C:4F:00:FA:6A:B5,"28,3","93,6"
2026-06-24T06:04:16,8C:4F:00:FA:6A:B5,"28,3","93,6"
2026-06-24T06:05:16,8C:4F:00:FA:6A:B5,"28,3","93,6"
2026-06-24T06:06:16,8C:4F:00:FA:6A:B5,"28,3","93,7"
2026-06-24T06:07:16,8C:4F:00:FA:6A:B5,"28,3","93,7"
2026-06-24T06:08:16,8C:4F:00:FA:6A:B5,"28,3","93,7"
2026-06-24T06:09:16,8C:4F:00:FA:6A:B5,"28,3","93,7"
2026-06-24T06:10:16,8C:4F:00:FA:6A:B5,"28,3","93,6"
2026-06-24T06:11:16,8C:4F:00:FA:6A:B5,"28,3","93,6"
2026-06-24T06:12:16,8C:4F:00:FA:6A:B5,"28,3","93,7"
2026-06-24T06:13:16,8C:4F:00:FA:6A:B5,"28,3","93,6"
2026-06-24T06:14:16,8C:4F:00:FA:6A:B5,"28,3","93,7"
2026-06-24T06:15:16,8C:4F:00:FA:6A:B5,"28,3","93,7"
2026-06-24T06:16:16,8C:4F:00:FA:6A:B5,"28,3","93,6"
2026-06-24T06:17:16,8C:4F:00:FA:6A:B5,"28,3","93,6"
2026-06-24T06:18:16,8C:4F:00:FA:6A:B5,"28,3","93,7"
2026-06-24T06:19:16,8C:4F:00:FA:6A:B5,"28,3","93,7"
2026-06-24T06:20:16,8C:4F:00:FA:6A:B5,"28,3","93,6"
2026-06-24T06:21:16,8C:4F:00:FA:6A:B5,"28,3","93,6"
2026-06-24T06:22:16,8C:4F:00:FA:6A:B5,"28,3","93,8"
2026-06-24T06:23:16,8C:4F:00:FA:6A:B5,"28,3","93,6"
2026-06-24T06:24:16,8C:4F:00:FA:6A:B5,"28,3","93,7"
2026-06-24T06:25:16,8C:4F:00:FA:6A:B5,"28,3","93,7"
2026-06-24T06:26:16,8C:4F:00:FA:6A:B5,"28,3","93,8"
2026-06-24T06:27:16,8C:4F:00:FA:6A:B5,"28,3","93,8"
2026-06-24T06:28:16,8C:4F:00:FA:6A:B5,"28,3","93,7"
2026-06-24T06:29:16,8C:4F:00:FA:6A:B5,"28,3","93,8"
2026-06-24T06:30:16,8C:4F:00:FA:6A:B5,"28,3","93,6"
2026-06-24T06:31:16,8C:4F:00:FA:6A:B5,"28,3","93,6"
2026-06-24T06:32:16,8C:4F:00:FA:6A:B5,"28,3","93,7"
2026-06-24T06:33:16,8C:4F:00:FA:6A:B5,"28,3","93,7"
2026-06-24T06:34:16,8C:4F:00:FA:6A:B5,"28,3","93,7"
2026-06-24T06:35:16,8C:4F:00:FA:6A:B5,"28,3","93,7"
2026-06-24T06:36:16,8C:4F:00:FA:6A:B5,"28,3","93,7"
2026-06-24T06:37:16,8C:4F:00:FA:6A:B5,"28,3","93,8"
2026-06-24T06:38:16,8C:4F:00:FA:6A:B5,"28,3","93,8"
2026-06-24T06:39:16,8C:4F:00:FA:6A:B5,"28,3","93,8"
2026-06-24T06:40:16,8C:4F:00:FA:6A:B5,"28,3","93,9"
2026-06-24T06:41:16,8C:4F:00:FA:6A:B5,"28,3","93,9"
2026-06-24T06:42:16,8C:4F:00:FA:6A:B5,"28,3","93,9"
2026-06-24T06:43:16,8C:4F:00:FA:6A:B5,"28,3","93,8"
2026-06-24T06:44:16,8C:4F:00:FA:6A:B5,"28,3","93,8"
2026-06-24T06:45:16,8C:4F:00:FA:6A:B5,"28,3","93,9"
2026-06-24T06:46:16,8C:4F:00:FA:6A:B5,"28,3","93,9"
2026-06-24T06:47:16,8C:4F:00:FA:6A:B5,"28,3","93,9"
2026-06-24T06:48:16,8C:4F:00:FA:6A:B5,"28,3","93,8"
2026-06-24T06:49:16,8C:4F:00:FA:6A:B5,"28,3","93,8"
2026-06-24T06:50:16,8C:4F:00:FA:6A:B5,"28,3","93,5"
2026-06-24T06:51:16,8C:4F:00:FA:6A:B5,"28,3","93,7"
2026-06-24T06:52:16,8C:4F:00:FA:6A:B5,"28,3","93,7"
2026-06-24T06:53:16,8C:4F:00:FA:6A:B5,"28,3","93,9"
2026-06-24T06:54:16,8C:4F:00:FA:6A:B5,"28,3","93,8"
2026-06-24T06:55:16,8C:4F:00:FA:6A:B5,"28,3","93,7"
2026-06-24T06:56:16,8C:4F:00:FA:6A:B5,"28,3","93,7"
2026-06-24T06:57:16,8C:4F:00:FA:6A:B5,"28,3","93,8"
2026-06-24T06:58:16,8C:4F:00:FA:6A:B5,"28,3","93,8"
2026-06-24T06:59:16,8C:4F:00:FA:6A:B5,"28,3","93,9"
2026-06-24T07:00:16,8C:4F:00:FA:6A:B5,"28,3","93,9"
2026-06-24T07:01:16,8C:4F:00:FA:6A:B5,"28,3","93,9"
2026-06-24T07:02:16,8C:4F:00:FA:6A:B5,"28,3",94
2026-06-24T07:03:16,8C:4F:00:FA:6A:B5,"28,3","93,9"
2026-06-24T07:04:16,8C:4F:00:FA:6A:B5,"28,3","93,9"
2026-06-24T07:05:16,8C:4F:00:FA:6A:B5,"28,3","93,9"
2026-06-24T07:06:16,8C:4F:00:FA:6A:B5,"28,3",94
2026-06-24T07:07:16,8C:4F:00:FA:6A:B5,"28,3","93,9"
2026-06-24T07:08:16,8C:4F:00:FA:6A:B5,"28,2","93,9"
2026-06-24T07:09:16,8C:4F:00:FA:6A:B5,"28,3","93,9"
2026-06-24T07:10:16,8C:4F:00:FA:6A:B5,"28,3","94,1"
2026-06-24T07:11:16,8C:4F:00:FA:6A:B5,"28,3","94,1"
2026-06-24T07:12:16,8C:4F:00:FA:6A:B5,"28,3","94,2"
2026-06-24T07:13:16,8C:4F:00:FA:6A:B5,"28,3","94,1"
2026-06-24T07:14:16,8C:4F:00:FA:6A:B5,"28,3","94,1"
2026-06-24T07:15:16,8C:4F:00:FA:6A:B5,"28,3","94,1"
2026-06-24T07:16:16,8C:4F:00:FA:6A:B5,"28,3","94,1"
2026-06-24T07:17:16,8C:4F:00:FA:6A:B5,"28,3","94,1"
2026-06-24T07:18:16,8C:4F:00:FA:6A:B5,"28,3","94,2"
2026-06-24T07:19:16,8C:4F:00:FA:6A:B5,"28,3",94
2026-06-24T07:20:16,8C:4F:00:FA:6A:B5,"28,3",94
2026-06-24T07:21:16,8C:4F:00:FA:6A:B5,"28,3",94
2026-06-24T07:22:16,8C:4F:00:FA:6A:B5,"28,3",94
2026-06-24T07:23:16,8C:4F:00:FA:6A:B5,"28,2","94,1"
2026-06-24T07:24:16,8C:4F:00:FA:6A:B5,"28,3",94
2026-06-24T07:25:16,8C:4F:00:FA:6A:B5,"28,3",94
2026-06-24T07:26:16,8C:4F:00:FA:6A:B5,"28,3",94
2026-06-24T07:27:16,8C:4F:00:FA:6A:B5,"28,3",94
2026-06-24T07:28:16,8C:4F:00:FA:6A:B5,"28,3",94
2026-06-24T07:29:16,8C:4F:00:FA:6A:B5,"28,2",94
2026-06-24T07:30:16,8C:4F:00:FA:6A:B5,"28,3","94,1"
2026-06-24T07:31:16,8C:4F:00:FA:6A:B5,"28,3",94
2026-06-24T07:32:16,8C:4F:00:FA:6A:B5,"28,3",94
2026-06-24T07:33:16,8C:4F:00:FA:6A:B5,"28,2","94,2"
2026-06-24T07:34:16,8C:4F:00:FA:6A:B5,"28,3","94,2"
2026-06-24T07:35:16,8C:4F:00:FA:6A:B5,"28,3","93,9"
2026-06-24T07:36:16,8C:4F:00:FA:6A:B5,"28,3",94
2026-06-24T07:37:16,8C:4F:00:FA:6A:B5,"28,3",94
2026-06-24T07:38:16,8C:4F:00:FA:6A:B5,"28,3","94,1"
2026-06-24T07:39:16,8C:4F:00:FA:6A:B5,"28,3",94
2026-06-24T07:40:16,8C:4F:00:FA:6A:B5,"28,3",94
2026-06-24T07:41:16,8C:4F:00:FA:6A:B5,"28,2","94,1"
2026-06-24T07:42:16,8C:4F:00:FA:6A:B5,"28,2","93,9"
2026-06-24T07:43:16,8C:4F:00:FA:6A:B5,"28,3",94
2026-06-24T07:44:16,8C:4F:00:FA:6A:B5,"28,3","94,1"
2026-06-24T07:45:16,8C:4F:00:FA:6A:B5,"28,3",94
2026-06-24T07:46:16,8C:4F:00:FA:6A:B5,"28,3",94
2026-06-24T07:47:16,8C:4F:00:FA:6A:B5,"28,3",94
2026-06-24T07:48:16,8C:4F:00:FA:6A:B5,"28,2",94
2026-06-24T07:49:16,8C:4F:00:FA:6A:B5,"28,2",94
2026-06-24T07:50:16,8C:4F:00:FA:6A:B5,"28,3","94,1"
2026-06-24T07:51:16,8C:4F:00:FA:6A:B5,"28,3","94,2"
2026-06-24T07:52:16,8C:4F:00:FA:6A:B5,"28,3","94,1"
2026-06-24T07:53:16,8C:4F:00:FA:6A:B5,"28,3","94,1"
2026-06-24T07:54:16,8C:4F:00:FA:6A:B5,"28,2","94,1"
2026-06-24T07:55:16,8C:4F:00:FA:6A:B5,"28,2","94,1"
2026-06-24T07:56:16,8C:4F:00:FA:6A:B5,"28,3",94
2026-06-24T07:57:16,8C:4F:00:FA:6A:B5,"28,2","94,1"
2026-06-24T07:58:16,8C:4F:00:FA:6A:B5,"28,3",94
2026-06-24T07:59:16,8C:4F:00:FA:6A:B5,"28,2","94,1"
2026-06-24T08:00:16,8C:4F:00:FA:6A:B5,"28,3","94,1"
2026-06-24T08:01:16,8C:4F:00:FA:6A:B5,"28,2","94,1"
2026-06-24T08:02:16,8C:4F:00:FA:6A:B5,"28,2","94,1"
2026-06-24T08:03:16,8C:4F:00:FA:6A:B5,"28,2","94,1"
2026-06-24T08:04:16,8C:4F:00:FA:6A:B5,"28,2","94,2"
2026-06-24T08:05:16,8C:4F:00:FA:6A:B5,"28,2","94,2"
2026-06-24T08:06:16,8C:4F:00:FA:6A:B5,"28,2","94,2"
2026-06-24T08:07:16,8C:4F:00:FA:6A:B5,"28,2","94,2"
2026-06-24T08:08:16,8C:4F:00:FA:6A:B5,"28,2","94,2"
2026-06-24T08:09:16,8C:4F:00:FA:6A:B5,"28,2","94,2"
2026-06-24T08:10:16,8C:4F:00:FA:6A:B5,"28,2","94,2"
2026-06-24T08:11:16,8C:4F:00:FA:6A:B5,"28,2","94,3"
2026-06-24T08:12:16,8C:4F:00:FA:6A:B5,"28,2","94,3"
2026-06-24T08:13:16,8C:4F:00:FA:6A:B5,"28,3","94,3"
2026-06-24T08:14:16,8C:4F:00:FA:6A:B5,"28,2","94,3"
2026-06-24T08:15:16,8C:4F:00:FA:6A:B5,"28,3","94,3"
2026-06-24T08:16:16,8C:4F:00:FA:6A:B5,"28,3","94,3"
2026-06-24T08:17:16,8C:4F:00:FA:6A:B5,"28,2","94,4"
2026-06-24T08:18:16,8C:4F:00:FA:6A:B5,"28,3","94,3"
2026-06-24T08:19:16,8C:4F:00:FA:6A:B5,"28,3","94,3"
2026-06-24T08:20:16,8C:4F:00:FA:6A:B5,"28,3","94,3"
2026-06-24T08:21:16,8C:4F:00:FA:6A:B5,"28,2","94,3"
2026-06-24T08:22:16,8C:4F:00:FA:6A:B5,"28,3","94,4"
2026-06-24T08:23:16,8C:4F:00:FA:6A:B5,"28,3","94,4"
2026-06-24T08:24:16,8C:4F:00:FA:6A:B5,"28,2","94,3"
2026-06-24T08:25:16,8C:4F:00:FA:6A:B5,"28,3","94,2"
2026-06-24T08:26:16,8C:4F:00:FA:6A:B5,"28,3","94,2"
2026-06-24T08:27:16,8C:4F:00:FA:6A:B5,"28,2","94,3"
2026-06-24T08:28:16,8C:4F:00:FA:6A:B5,"28,2","94,3"
2026-06-24T08:29:16,8C:4F:00:FA:6A:B5,"28,2","94,3"
2026-06-24T08:30:16,8C:4F:00:FA:6A:B5,"28,2","94,2"
2026-06-24T08:31:16,8C:4F:00:FA:6A:B5,"28,3","94,2"
2026-06-24T08:32:16,8C:4F:00:FA:6A:B5,"28,2","94,2"
2026-06-24T08:33:16,8C:4F:00:FA:6A:B5,"28,2","94,2"
2026-06-24T08:34:16,8C:4F:00:FA:6A:B5,"28,2","94,2"
2026-06-24T08:35:16,8C:4F:00:FA:6A:B5,"28,2","94,2"
2026-06-24T08:36:16,8C:4F:00:FA:6A:B5,"28,2","94,2"
2026-06-24T08:37:16,8C:4F:00:FA:6A:B5,"28,2","94,3"
2026-06-24T08:38:16,8C:4F:00:FA:6A:B5,"28,2","94,3"
2026-06-24T08:39:16,8C:4F:00:FA:6A:B5,"28,2","94,3"
2026-06-24T08:40:16,8C:4F:00:FA:6A:B5,"28,3","94,3"
2026-06-24T08:41:16,8C:4F:00:FA:6A:B5,"28,2","94,3"
2026-06-24T08:42:16,8C:4F:00:FA:6A:B5,"28,2","94,3"
2026-06-24T08:43:16,8C:4F:00:FA:6A:B5,"28,2","94,3"
2026-06-24T08:44:16,8C:4F:00:FA:6A:B5,"28,2","94,4"
2026-06-24T08:45:16,8C:4F:00:FA:6A:B5,"28,3","94,4"
2026-06-24T08:46:16,8C:4F:00:FA:6A:B5,"28,2","94,3"
2026-06-24T08:47:16,8C:4F:00:FA:6A:B5,"28,3","94,3"
2026-06-24T08:48:16,8C:4F:00:FA:6A:B5,"28,2","94,3"
2026-06-24T08:49:16,8C:4F:00:FA:6A:B5,"28,2","94,3"
2026-06-24T08:50:16,8C:4F:00:FA:6A:B5,"28,2","94,2"
2026-06-24T08:51:16,8C:4F:00:FA:6A:B5,"28,2","94,2"
2026-06-24T08:52:16,8C:4F:00:FA:6A:B5,"28,2","94,1"
2026-06-24T08:53:16,8C:4F:00:FA:6A:B5,"28,2","94,1"
2026-06-24T08:54:16,8C:4F:00:FA:6A:B5,"28,2","94,1"
2026-06-24T08:55:16,8C:4F:00:FA:6A:B5,"28,2","94,1"
2026-06-24T08:56:16,8C:4F:00:FA:6A:B5,"28,2","94,1"
2026-06-24T08:57:16,8C:4F:00:FA:6A:B5,"28,2","94,1"
2026-06-24T08:58:16,8C:4F:00:FA:6A:B5,"28,3","94,2"
2026-06-24T08:59:16,8C:4F:00:FA:6A:B5,"28,2","94,2"
2026-06-24T09:00:16,8C:4F:00:FA:6A:B5,"28,2","94,3"
2026-06-24T09:01:16,8C:4F:00:FA:6A:B5,"28,2","94,3"
2026-06-24T09:02:16,8C:4F:00:FA:6A:B5,"28,2","94,3"
2026-06-24T09:03:16,8C:4F:00:FA:6A:B5,"28,2","94,3"
2026-06-24T09:04:16,8C:4F:00:FA:6A:B5,"28,2","94,3"
2026-06-24T09:05:16,8C:4F:00:FA:6A:B5,"28,2","94,4"
2026-06-24T09:06:16,8C:4F:00:FA:6A:B5,"28,2","94,3"
2026-06-24T09:07:16,8C:4F:00:FA:6A:B5,"28,2","94,3"
2026-06-24T09:08:16,8C:4F:00:FA:6A:B5,"28,2","94,3"
2026-06-24T09:09:16,8C:4F:00:FA:6A:B5,"28,2","94,3"
2026-06-24T09:10:16,8C:4F:00:FA:6A:B5,"28,2","94,4"
2026-06-24T09:11:16,8C:4F:00:FA:6A:B5,"28,2","94,4"
2026-06-24T09:12:16,8C:4F:00:FA:6A:B5,"28,2","94,4"
2026-06-24T09:13:16,8C:4F:00:FA:6A:B5,"28,2","94,4"
2026-06-24T09:14:16,8C:4F:00:FA:6A:B5,"28,2","94,4"
2026-06-24T09:15:16,8C:4F:00:FA:6A:B5,"28,2","94,3"
2026-06-24T09:16:16,8C:4F:00:FA:6A:B5,"28,2","94,3"
2026-06-24T09:17:16,8C:4F:00:FA:6A:B5,"28,2","94,3"
2026-06-24T09:18:16,8C:4F:00:FA:6A:B5,"28,2","94,3"
2026-06-24T09:19:16,8C:4F:00:FA:6A:B5,"28,2","94,3"
2026-06-24T09:20:16,8C:4F:00:FA:6A:B5,"28,2","94,4"
2026-06-24T09:21:16,8C:4F:00:FA:6A:B5,"28,2","94,5"
2026-06-24T09:22:16,8C:4F:00:FA:6A:B5,"28,2","94,6"
2026-06-24T09:23:16,8C:4F:00:FA:6A:B5,"28,2","94,6"
2026-06-24T09:24:16,8C:4F:00:FA:6A:B5,"28,2","94,5"
2026-06-24T09:25:16,8C:4F:00:FA:6A:B5,"28,2","94,4"
2026-06-24T09:26:16,8C:4F:00:FA:6A:B5,"28,2","94,4"
2026-06-24T09:27:16,8C:4F:00:FA:6A:B5,"28,2","94,3"
2026-06-24T09:28:16,8C:4F:00:FA:6A:B5,"28,2","94,4"
2026-06-24T09:29:16,8C:4F:00:FA:6A:B5,"28,2","94,3"
2026-06-24T09:30:16,8C:4F:00:FA:6A:B5,"28,2","94,4"
2026-06-24T09:31:16,8C:4F:00:FA:6A:B5,"28,2","94,5"
2026-06-24T09:32:16,8C:4F:00:FA:6A:B5,"28,3","94,5"
2026-06-24T09:33:16,8C:4F:00:FA:6A:B5,"28,2","94,5"
2026-06-24T09:34:16,8C:4F:00:FA:6A:B5,"28,2","94,4"
2026-06-24T09:35:16,8C:4F:00:FA:6A:B5,"28,2","94,4"
2026-06-24T09:36:16,8C:4F:00:FA:6A:B5,"28,2","94,4"
2026-06-24T09:37:16,8C:4F:00:FA:6A:B5,"28,2","94,4"
2026-06-24T09:38:16,8C:4F:00:FA:6A:B5,"28,2","94,4"
2026-06-24T09:39:16,8C:4F:00:FA:6A:B5,"28,2","94,5"
2026-06-24T09:40:16,8C:4F:00:FA:6A:B5,"28,2","94,5"
2026-06-24T09:41:16,8C:4F:00:FA:6A:B5,"28,2","94,5"
2026-06-24T09:42:16,8C:4F:00:FA:6A:B5,"28,2","94,5"
2026-06-24T09:43:16,8C:4F:00:FA:6A:B5,"28,2","94,5"
2026-06-24T09:44:16,8C:4F:00:FA:6A:B5,"28,2","94,6"
2026-06-24T09:45:16,8C:4F:00:FA:6A:B5,"28,2","94,5"
2026-06-24T09:46:16,8C:4F:00:FA:6A:B5,"28,2","94,4"
2026-06-24T09:47:16,8C:4F:00:FA:6A:B5,"28,2","94,4"
2026-06-24T09:48:16,8C:4F:00:FA:6A:B5,"28,2","94,3"
2026-06-24T09:49:16,8C:4F:00:FA:6A:B5,"28,2","94,3"
2026-06-24T09:50:16,8C:4F:00:FA:6A:B5,"28,2","94,2"
2026-06-24T09:51:16,8C:4F:00:FA:6A:B5,"28,2","94,2"
2026-06-24T09:52:16,8C:4F:00:FA:6A:B5,"28,2","94,2"
2026-06-24T09:53:16,8C:4F:00:FA:6A:B5,"28,2","94,3"
2026-06-24T09:54:16,8C:4F:00:FA:6A:B5,"28,2","94,3"
2026-06-24T09:55:16,8C:4F:00:FA:6A:B5,"28,2","94,2"
2026-06-24T09:56:16,8C:4F:00:FA:6A:B5,"28,2","94,2"
2026-06-24T09:57:16,8C:4F:00:FA:6A:B5,"28,2","94,2"
2026-06-24T09:58:16,8C:4F:00:FA:6A:B5,"28,2","94,3"
2026-06-24T09:59:16,8C:4F:00:FA:6A:B5,"28,2","94,3"
2026-06-24T10:00:16,8C:4F:00:FA:6A:B5,"28,2","94,3"
2026-06-24T10:01:16,8C:4F:00:FA:6A:B5,"28,2","94,3"
2026-06-24T10:02:16,8C:4F:00:FA:6A:B5,"28,2","94,3"
2026-06-24T10:03:16,8C:4F:00:FA:6A:B5,"28,2","94,3"
2026-06-24T10:04:16,8C:4F:00:FA:6A:B5,"28,2","94,4"
2026-06-24T10:05:16,8C:4F:00:FA:6A:B5,"28,2","94,4"
2026-06-24T10:06:16,8C:4F:00:FA:6A:B5,"28,2","94,4"
2026-06-24T10:07:16,8C:4F:00:FA:6A:B5,"28,2","94,4"
2026-06-24T10:08:16,8C:4F:00:FA:6A:B5,"28,2","94,4"
2026-06-24T10:09:16,8C:4F:00:FA:6A:B5,"28,2","94,4"
2026-06-24T10:10:16,8C:4F:00:FA:6A:B5,"28,2","94,5"
2026-06-24T10:11:16,8C:4F:00:FA:6A:B5,"28,2","94,5"
2026-06-24T10:12:16,8C:4F:00:FA:6A:B5,"28,2","94,5"
2026-06-24T10:13:16,8C:4F:00:FA:6A:B5,"28,2","94,5"
2026-06-24T10:14:16,8C:4F:00:FA:6A:B5,"28,2","94,5"
2026-06-24T10:15:16,8C:4F:00:FA:6A:B5,"28,2","94,5"
2026-06-24T10:16:16,8C:4F:00:FA:6A:B5,"28,2","94,5"
2026-06-24T10:17:16,8C:4F:00:FA:6A:B5,"28,2","94,5"
2026-06-24T10:18:16,8C:4F:00:FA:6A:B5,"28,2","94,5"
2026-06-24T10:19:16,8C:4F:00:FA:6A:B5,"28,2","94,5"
2026-06-24T10:20:16,8C:4F:00:FA:6A:B5,"28,2","94,6"
2026-06-24T10:21:16,8C:4F:00:FA:6A:B5,"28,2","94,6"
2026-06-24T10:22:16,8C:4F:00:FA:6A:B5,"28,2","94,6"
2026-06-24T10:23:16,8C:4F:00:FA:6A:B5,"28,2","94,6"
2026-06-24T10:24:16,8C:4F:00:FA:6A:B5,"28,2","94,6"
2026-06-24T10:25:16,8C:4F:00:FA:6A:B5,"28,2","94,6"
2026-06-24T10:26:16,8C:4F:00:FA:6A:B5,"28,2","94,6"
2026-06-24T10:27:16,8C:4F:00:FA:6A:B5,"28,2","94,6"
2026-06-24T10:28:16,8C:4F:00:FA:6A:B5,"28,2","94,6"
2026-06-24T10:29:16,8C:4F:00:FA:6A:B5,"28,2","94,6"
2026-06-24T10:30:16,8C:4F:00:FA:6A:B5,"28,2","94,6"
2026-06-24T10:31:16,8C:4F:00:FA:6A:B5,"28,2","94,6"
2026-06-24T10:32:16,8C:4F:00:FA:6A:B5,"28,2","94,6"
2026-06-24T10:33:16,8C:4F:00:FA:6A:B5,"28,2","94,6"
2026-06-24T10:34:16,8C:4F:00:FA:6A:B5,"28,2","94,6"
2026-06-24T10:35:16,8C:4F:00:FA:6A:B5,"28,2","94,6"
2026-06-24T10:36:16,8C:4F:00:FA:6A:B5,"28,2","94,6"
2026-06-24T10:37:16,8C:4F:00:FA:6A:B5,"28,2","94,6"
2026-06-24T10:38:16,8C:4F:00:FA:6A:B5,"28,2","94,6"
2026-06-24T10:39:16,8C:4F:00:FA:6A:B5,"28,2","94,6"
2026-06-24T10:40:16,8C:4F:00:FA:6A:B5,"28,2","94,6"
2026-06-24T10:41:16,8C:4F:00:FA:6A:B5,"28,2","94,7"
2026-06-24T10:42:16,8C:4F:00:FA:6A:B5,"28,2","94,7"
2026-06-24T10:43:16,8C:4F:00:FA:6A:B5,"28,2","94,7"
2026-06-24T10:44:16,8C:4F:00:FA:6A:B5,"28,2","94,7"
2026-06-24T10:45:16,8C:4F:00:FA:6A:B5,"28,2","94,6"
2026-06-24T10:46:16,8C:4F:00:FA:6A:B5,"28,2","94,6"
2026-06-24T10:47:16,8C:4F:00:FA:6A:B5,"28,2","94,6"
2026-06-24T10:48:16,8C:4F:00:FA:6A:B5,"28,2","94,6"
2026-06-24T10:49:16,8C:4F:00:FA:6A:B5,"28,2","94,6"
2026-06-24T10:50:16,8C:4F:00:FA:6A:B5,"28,2","94,6"
2026-06-24T10:51:16,8C:4F:00:FA:6A:B5,"28,2","94,6"
2026-06-24T10:52:16,8C:4F:00:FA:6A:B5,"28,2","94,7"
2026-06-24T10:53:16,8C:4F:00:FA:6A:B5,"28,2","94,7"
2026-06-24T10:54:16,8C:4F:00:FA:6A:B5,"28,2","94,7"
2026-06-24T10:55:16,8C:4F:00:FA:6A:B5,"28,2","94,7"
2026-06-24T10:56:16,8C:4F:00:FA:6A:B5,"28,2","94,6"
2026-06-24T10:57:16,8C:4F:00:FA:6A:B5,"28,2","94,6"
2026-06-24T10:58:16,8C:4F:00:FA:6A:B5,"28,2","94,5"
2026-06-24T10:59:16,8C:4F:00:FA:6A:B5,"28,2","94,5"
2026-06-24T11:00:16,8C:4F:00:FA:6A:B5,"28,2","94,5"
2026-06-24T11:01:16,8C:4F:00:FA:6A:B5,"28,2","94,5"
2026-06-24T11:02:16,8C:4F:00:FA:6A:B5,"28,2","94,6"
2026-06-24T11:03:16,8C:4F:00:FA:6A:B5,"28,2","94,6"
2026-06-24T11:04:16,8C:4F:00:FA:6A:B5,"28,2","94,6"
2026-06-24T11:05:16,8C:4F:00:FA:6A:B5,"28,2","94,6"
2026-06-24T11:06:16,8C:4F:00:FA:6A:B5,"28,2","94,8"
2026-06-24T11:07:16,8C:4F:00:FA:6A:B5,"28,2","94,7"
2026-06-24T11:08:16,8C:4F:00:FA:6A:B5,"28,2","94,7"
2026-06-24T11:09:16,8C:4F:00:FA:6A:B5,"28,2","94,5"
2026-06-24T11:10:16,8C:4F:00:FA:6A:B5,"28,2","94,6"
2026-06-24T11:11:16,8C:4F:00:FA:6A:B5,"28,2","94,5"
2026-06-24T11:12:16,8C:4F:00:FA:6A:B5,"28,2","94,5"
2026-06-24T11:13:16,8C:4F:00:FA:6A:B5,"28,2","94,5"
2026-06-24T11:14:16,8C:4F:00:FA:6A:B5,"28,2","94,5"
2026-06-24T11:15:16,8C:4F:00:FA:6A:B5,"28,2","94,5"
2026-06-24T11:16:16,8C:4F:00:FA:6A:B5,"28,2","94,4"
2026-06-24T11:17:16,8C:4F:00:FA:6A:B5,"28,2","94,3"
2026-06-24T11:18:16,8C:4F:00:FA:6A:B5,"28,2","94,3"
2026-06-24T11:19:16,8C:4F:00:FA:6A:B5,"28,2","94,3"
2026-06-24T11:20:16,8C:4F:00:FA:6A:B5,"28,2","94,3"
2026-06-24T11:21:16,8C:4F:00:FA:6A:B5,"28,2","94,3"
2026-06-24T11:22:16,8C:4F:00:FA:6A:B5,"28,2","94,5"
2026-06-24T11:23:16,8C:4F:00:FA:6A:B5,"28,1","94,6"
2026-06-24T11:24:16,8C:4F:00:FA:6A:B5,"28,2","94,7"
2026-06-24T11:25:16,8C:4F:00:FA:6A:B5,"28,2","94,6"
2026-06-24T11:26:16,8C:4F:00:FA:6A:B5,"28,2","94,2"
2026-06-24T11:27:16,8C:4F:00:FA:6A:B5,"28,2","94,5"
2026-06-24T11:28:16,8C:4F:00:FA:6A:B5,"28,2","94,5"
2026-06-24T11:29:16,8C:4F:00:FA:6A:B5,"28,2","94,5"
2026-06-24T11:30:16,8C:4F:00:FA:6A:B5,"28,2","94,5"
2026-06-24T11:31:16,8C:4F:00:FA:6A:B5,"28,2","94,5"
2026-06-24T11:32:16,8C:4F:00:FA:6A:B5,"28,2","94,5"
2026-06-24T11:33:16,8C:4F:00:FA:6A:B5,"28,2","94,6"
2026-06-24T11:34:16,8C:4F:00:FA:6A:B5,"28,1","94,5"
2026-06-24T11:35:16,8C:4F:00:FA:6A:B5,"28,2","94,6"
2026-06-24T11:36:16,8C:4F:00:FA:6A:B5,"28,1","94,7"
2026-06-24T11:37:16,8C:4F:00:FA:6A:B5,"28,2","94,7"
2026-06-24T11:38:16,8C:4F:00:FA:6A:B5,"28,1","94,4"
2026-06-24T11:39:16,8C:4F:00:FA:6A:B5,"28,1","94,6"
2026-06-24T11:40:16,8C:4F:00:FA:6A:B5,"28,1","94,5"
2026-06-24T11:41:16,8C:4F:00:FA:6A:B5,"28,2","94,7"
2026-06-24T11:42:16,8C:4F:00:FA:6A:B5,"28,2","94,6"
2026-06-24T11:43:16,8C:4F:00:FA:6A:B5,"28,1",94
2026-06-24T11:44:16,8C:4F:00:FA:6A:B5,"28,1","94,3"
2026-06-24T11:45:16,8C:4F:00:FA:6A:B5,"28,1","94,2"
2026-06-24T11:46:16,8C:4F:00:FA:6A:B5,"28,1","94,3"
2026-06-24T11:47:16,8C:4F:00:FA:6A:B5,"28,1","94,4"
2026-06-24T11:48:16,8C:4F:00:FA:6A:B5,"28,1","94,5"
2026-06-24T11:49:16,8C:4F:00:FA:6A:B5,"28,1","94,5"
2026-06-24T11:50:16,8C:4F:00:FA:6A:B5,"28,1","94,6"
2026-06-24T11:51:16,8C:4F:00:FA:6A:B5,"28,1","94,6"
2026-06-24T11:52:16,8C:4F:00:FA:6A:B5,"28,2","94,5"
2026-06-24T11:53:16,8C:4F:00:FA:6A:B5,"28,1","94,5"
2026-06-24T11:54:16,8C:4F:00:FA:6A:B5,"28,1","94,4"
2026-06-24T11:55:16,8C:4F:00:FA:6A:B5,"28,1","94,5"
2026-06-24T11:56:16,8C:4F:00:FA:6A:B5,"28,1","94,5"
2026-06-24T11:57:16,8C:4F:00:FA:6A:B5,"28,1","94,5"
2026-06-24T11:58:16,8C:4F:00:FA:6A:B5,"28,1","94,5"
2026-06-24T11:59:16,8C:4F:00:FA:6A:B5,"28,1","94,5"
2026-06-24T12:00:16,8C:4F:00:FA:6A:B5,"28,1","94,6"
2026-06-24T12:01:16,8C:4F:00:FA:6A:B5,"28,1","94,5"
2026-06-24T12:02:16,8C:4F:00:FA:6A:B5,"28,1","94,5"
2026-06-24T12:03:16,8C:4F:00:FA:6A:B5,"28,1","94,5"
2026-06-24T12:04:16,8C:4F:00:FA:6A:B5,"28,1","94,5"
2026-06-24T12:05:16,8C:4F:00:FA:6A:B5,"28,1","94,4"
2026-06-24T12:06:16,8C:4F:00:FA:6A:B5,"28,1","94,3"
2026-06-24T12:07:16,8C:4F:00:FA:6A:B5,"28,1","94,6"
2026-06-24T12:08:16,8C:4F:00:FA:6A:B5,"28,1","94,5"
2026-06-24T12:09:16,8C:4F:00:FA:6A:B5,"28,1","94,4"
2026-06-24T12:10:16,8C:4F:00:FA:6A:B5,"28,1","94,4"
2026-06-24T12:11:16,8C:4F:00:FA:6A:B5,"28,1","94,4"
2026-06-24T12:12:16,8C:4F:00:FA:6A:B5,"28,1","94,4"
2026-06-24T12:13:16,8C:4F:00:FA:6A:B5,"28,1","94,3"
2026-06-24T12:14:16,8C:4F:00:FA:6A:B5,"28,1","94,3"
2026-06-24T12:15:16,8C:4F:00:FA:6A:B5,"28,1","94,3"
2026-06-24T12:16:16,8C:4F:00:FA:6A:B5,"28,1","94,3"
2026-06-24T12:17:16,8C:4F:00:FA:6A:B5,"28,1","94,4"
2026-06-24T12:18:16,8C:4F:00:FA:6A:B5,"28,1","94,3"
2026-06-24T12:19:16,8C:4F:00:FA:6A:B5,"28,1","94,4"
2026-06-24T12:20:16,8C:4F:00:FA:6A:B5,"28,1","94,4"
2026-06-24T12:21:16,8C:4F:00:FA:6A:B5,"28,1","94,4"
2026-06-24T12:22:16,8C:4F:00:FA:6A:B5,"28,1","94,4"
2026-06-24T12:23:16,8C:4F:00:FA:6A:B5,"28,1","94,4"
2026-06-24T12:24:16,8C:4F:00:FA:6A:B5,"28,1","94,3"
2026-06-24T12:25:16,8C:4F:00:FA:6A:B5,"28,1","94,3"
2026-06-24T12:26:16,8C:4F:00:FA:6A:B5,"28,1","94,4"
2026-06-24T12:27:16,8C:4F:00:FA:6A:B5,"28,1","94,4"
2026-06-24T12:28:16,8C:4F:00:FA:6A:B5,"28,1","94,4"
2026-06-24T12:29:16,8C:4F:00:FA:6A:B5,"28,1","94,4"
2026-06-24T12:30:16,8C:4F:00:FA:6A:B5,"28,1","94,4"
2026-06-24T12:31:16,8C:4F:00:FA:6A:B5,"28,1","94,4"
2026-06-24T12:32:16,8C:4F:00:FA:6A:B5,"28,1","94,4"
2026-06-24T12:33:16,8C:4F:00:FA:6A:B5,"28,1","94,5"
2026-06-24T12:34:16,8C:4F:00:FA:6A:B5,"28,1","94,5"
2026-06-24T12:35:16,8C:4F:00:FA:6A:B5,"28,1","94,5"
2026-06-24T12:36:16,8C:4F:00:FA:6A:B5,"28,1","94,5"
2026-06-24T12:37:16,8C:4F:00:FA:6A:B5,"28,1","94,4"
2026-06-24T12:38:16,8C:4F:00:FA:6A:B5,"28,1","94,4"
2026-06-24T12:39:16,8C:4F:00:FA:6A:B5,"28,1","94,5"
2026-06-24T12:40:16,8C:4F:00:FA:6A:B5,"28,1","94,4"
2026-06-24T12:41:16,8C:4F:00:FA:6A:B5,"28,1","94,2"
2026-06-24T12:42:16,8C:4F:00:FA:6A:B5,"28,1","94,1"
2026-06-24T12:43:16,8C:4F:00:FA:6A:B5,"28,1",94
2026-06-24T12:44:16,8C:4F:00:FA:6A:B5,"28,1",94
2026-06-24T12:45:16,8C:4F:00:FA:6A:B5,"28,1","94,1"
2026-06-24T12:46:16,8C:4F:00:FA:6A:B5,"28,1","94,1"
2026-06-24T12:47:16,8C:4F:00:FA:6A:B5,"28,1","94,3"
2026-06-24T12:48:16,8C:4F:00:FA:6A:B5,"28,1","94,3"
2026-06-24T12:49:16,8C:4F:00:FA:6A:B5,"28,1","94,4"
2026-06-24T12:50:16,8C:4F:00:FA:6A:B5,"28,1","94,4"
2026-06-24T12:51:16,8C:4F:00:FA:6A:B5,"28,1","94,4"
2026-06-24T12:52:16,8C:4F:00:FA:6A:B5,"28,1","94,4"
2026-06-24T12:53:16,8C:4F:00:FA:6A:B5,"28,1","94,4"
2026-06-24T12:54:16,8C:4F:00:FA:6A:B5,"28,1","94,3"
2026-06-24T12:55:16,8C:4F:00:FA:6A:B5,"28,1","94,3"
2026-06-24T12:56:16,8C:4F:00:FA:6A:B5,"28,1","94,3"
2026-06-24T12:57:16,8C:4F:00:FA:6A:B5,"28,1","94,2"
2026-06-24T12:58:16,8C:4F:00:FA:6A:B5,"28,1","94,2"
2026-06-24T12:59:16,8C:4F:00:FA:6A:B5,"28,1","94,2"
2026-06-24T13:00:16,8C:4F:00:FA:6A:B5,"28,1","94,2"
2026-06-24T13:01:16,8C:4F:00:FA:6A:B5,"28,1","94,3"
2026-06-24T13:02:16,8C:4F:00:FA:6A:B5,"28,1","94,2"
2026-06-24T13:03:16,8C:4F:00:FA:6A:B5,"28,1","94,2"
2026-06-24T13:04:16,8C:4F:00:FA:6A:B5,28,"94,2"
2026-06-24T13:05:16,8C:4F:00:FA:6A:B5,"28,1","94,2"
2026-06-24T13:06:16,8C:4F:00:FA:6A:B5,"28,1","94,2"
2026-06-24T13:07:16,8C:4F:00:FA:6A:B5,28,"94,1"
2026-06-24T13:08:16,8C:4F:00:FA:6A:B5,"28,1","94,2"
2026-06-24T13:09:16,8C:4F:00:FA:6A:B5,"28,1","94,2"
2026-06-24T13:10:16,8C:4F:00:FA:6A:B5,"28,1","94,2"
2026-06-24T13:11:16,8C:4F:00:FA:6A:B5,28,"94,2"
2026-06-24T13:12:16,8C:4F:00:FA:6A:B5,28,"94,2"
2026-06-24T13:13:16,8C:4F:00:FA:6A:B5,28,"94,3"
2026-06-24T13:14:16,8C:4F:00:FA:6A:B5,28,"94,2"
2026-06-24T13:15:16,8C:4F:00:FA:6A:B5,28,"94,2"
2026-06-24T13:16:16,8C:4F:00:FA:6A:B5,28,"94,2"
2026-06-24T13:17:16,8C:4F:00:FA:6A:B5,28,"94,2"
2026-06-24T13:18:16,8C:4F:00:FA:6A:B5,"28,1","94,3"
2026-06-24T13:19:16,8C:4F:00:FA:6A:B5,28,"94,3"
2026-06-24T13:20:16,8C:4F:00:FA:6A:B5,"28,1","94,4"
2026-06-24T13:21:16,8C:4F:00:FA:6A:B5,28,"94,4"
2026-06-24T13:22:16,8C:4F:00:FA:6A:B5,"28,1","94,4"
2026-06-24T13:23:16,8C:4F:00:FA:6A:B5,"28,1","94,5"
2026-06-24T13:24:16,8C:4F:00:FA:6A:B5,28,"94,5"
2026-06-24T13:25:16,8C:4F:00:FA:6A:B5,"28,1","94,5"
2026-06-24T13:26:16,8C:4F:00:FA:6A:B5,28,"94,5"
2026-06-24T13:27:16,8C:4F:00:FA:6A:B5,28,"94,5"
2026-06-24T13:28:16,8C:4F:00:FA:6A:B5,"28,1","94,5"
2026-06-24T13:29:16,8C:4F:00:FA:6A:B5,"28,1","94,5"
2026-06-24T13:30:16,8C:4F:00:FA:6A:B5,"28,1","94,6"
2026-06-24T13:31:16,8C:4F:00:FA:6A:B5,"28,1","94,5"
2026-06-24T13:32:16,8C:4F:00:FA:6A:B5,"28,1","94,6"
2026-06-24T13:33:16,8C:4F:00:FA:6A:B5,"28,1","94,5"
2026-06-24T13:34:16,8C:4F:00:FA:6A:B5,"28,1","94,5"
2026-06-24T13:35:16,8C:4F:00:FA:6A:B5,"28,1","94,5"
2026-06-24T13:36:16,8C:4F:00:FA:6A:B5,"28,1","94,5"
2026-06-24T13:37:16,8C:4F:00:FA:6A:B5,"28,1","94,5"
2026-06-24T13:38:16,8C:4F:00:FA:6A:B5,"28,1","94,5"
2026-06-24T13:39:16,8C:4F:00:FA:6A:B5,"28,1","94,5"
2026-06-24T13:40:16,8C:4F:00:FA:6A:B5,28,"94,6"
2026-06-24T13:41:16,8C:4F:00:FA:6A:B5,"28,1","94,6"
2026-06-24T13:42:16,8C:4F:00:FA:6A:B5,"28,1","94,7"
2026-06-24T13:43:16,8C:4F:00:FA:6A:B5,"28,1","94,8"
2026-06-24T13:44:16,8C:4F:00:FA:6A:B5,"28,1","94,8"
2026-06-24T13:45:16,8C:4F:00:FA:6A:B5,"28,1","94,8"
2026-06-24T13:46:16,8C:4F:00:FA:6A:B5,"28,1","94,8"
2026-06-24T13:47:16,8C:4F:00:FA:6A:B5,"28,1","94,8"
2026-06-24T13:48:16,8C:4F:00:FA:6A:B5,"28,1","94,7"
2026-06-24T13:49:16,8C:4F:00:FA:6A:B5,"28,1","94,6"
2026-06-24T13:50:16,8C:4F:00:FA:6A:B5,28,"94,4"
2026-06-24T13:51:16,8C:4F:00:FA:6A:B5,28,"94,5"
2026-06-24T13:52:16,8C:4F:00:FA:6A:B5,"28,1","94,5"
2026-06-24T13:53:16,8C:4F:00:FA:6A:B5,"28,1","94,5"
2026-06-24T13:54:16,8C:4F:00:FA:6A:B5,"28,1","94,5"
2026-06-24T13:55:16,8C:4F:00:FA:6A:B5,28,"94,5"
2026-06-24T13:56:16,8C:4F:00:FA:6A:B5,28,"94,5"
2026-06-24T13:57:16,8C:4F:00:FA:6A:B5,"28,1","94,2"
2026-06-24T13:58:16,8C:4F:00:FA:6A:B5,28,"94,5"
2026-06-24T13:59:16,8C:4F:00:FA:6A:B5,28,"94,5"
2026-06-24T14:00:16,8C:4F:00:FA:6A:B5,28,"94,4"
2026-06-24T14:01:16,8C:4F:00:FA:6A:B5,28,"94,5"
2026-06-24T14:02:16,8C:4F:00:FA:6A:B5,28,"94,7"
2026-06-24T14:03:16,8C:4F:00:FA:6A:B5,28,"94,5"
2026-06-24T14:04:16,8C:4F:00:FA:6A:B5,28,"94,4"
2026-06-24T14:05:16,8C:4F:00:FA:6A:B5,28,"94,2"
2026-06-24T14:06:16,8C:4F:00:FA:6A:B5,28,"94,2"
2026-06-24T14:07:16,8C:4F:00:FA:6A:B5,28,"94,2"
2026-06-24T14:08:16,8C:4F:00:FA:6A:B5,28,"94,1"
2026-06-24T14:09:16,8C:4F:00:FA:6A:B5,28,94
2026-06-24T14:10:16,8C:4F:00:FA:6A:B5,28,"94,2"
2026-06-24T14:11:16,8C:4F:00:FA:6A:B5,28,"94,2"
2026-06-24T14:12:16,8C:4F:00:FA:6A:B5,28,"94,2"
2026-06-24T14:13:16,8C:4F:00:FA:6A:B5,28,"94,2"
2026-06-24T14:14:16,8C:4F:00:FA:6A:B5,28,"94,3"
2026-06-24T14:15:16,8C:4F:00:FA:6A:B5,28,"94,4"
2026-06-24T14:16:16,8C:4F:00:FA:6A:B5,28,"94,5"
2026-06-24T14:17:16,8C:4F:00:FA:6A:B5,28,"94,6"
2026-06-24T14:18:16,8C:4F:00:FA:6A:B5,28,"94,6"
2026-06-24T14:19:16,8C:4F:00:FA:6A:B5,28,"94,5"
2026-06-24T14:20:16,8C:4F:00:FA:6A:B5,28,"94,5"
2026-06-24T14:21:16,8C:4F:00:FA:6A:B5,28,"94,4"
2026-06-24T14:22:16,8C:4F:00:FA:6A:B5,28,"94,4"
2026-06-24T14:23:16,8C:4F:00:FA:6A:B5,28,"94,6"
2026-06-24T14:24:16,8C:4F:00:FA:6A:B5,28,"94,7"
2026-06-24T14:25:16,8C:4F:00:FA:6A:B5,28,"94,9"
2026-06-24T14:26:16,8C:4F:00:FA:6A:B5,28,"94,6"
2026-06-24T14:27:16,8C:4F:00:FA:6A:B5,28,"94,3"
2026-06-24T14:28:16,8C:4F:00:FA:6A:B5,"27,9","94,4"
2026-06-24T14:29:16,8C:4F:00:FA:6A:B5,"27,9","94,2"
2026-06-24T14:30:16,8C:4F:00:FA:6A:B5,"27,9","94,1"
2026-06-24T14:31:16,8C:4F:00:FA:6A:B5,"27,9",94
2026-06-24T14:32:16,8C:4F:00:FA:6A:B5,"27,9",94
2026-06-24T14:33:16,8C:4F:00:FA:6A:B5,"27,9","94,1"
2026-06-24T14:34:16,8C:4F:00:FA:6A:B5,"27,9","94,3"
2026-06-24T14:35:16,8C:4F:00:FA:6A:B5,"27,9","94,1"
2026-06-24T14:36:16,8C:4F:00:FA:6A:B5,"27,9","94,4"
2026-06-24T14:37:16,8C:4F:00:FA:6A:B5,"27,9","94,6"
2026-06-24T14:38:16,8C:4F:00:FA:6A:B5,"27,9","94,4"
2026-06-24T14:39:16,8C:4F:00:FA:6A:B5,"27,9","94,2"
2026-06-24T14:40:16,8C:4F:00:FA:6A:B5,"27,9","94,6"
2026-06-24T14:41:16,8C:4F:00:FA:6A:B5,"27,9","94,6"
2026-06-24T14:42:16,8C:4F:00:FA:6A:B5,"27,9","94,5"
2026-06-24T14:43:16,8C:4F:00:FA:6A:B5,"27,9","94,4"
2026-06-24T14:44:16,8C:4F:00:FA:6A:B5,"27,9","94,3"
2026-06-24T14:45:16,8C:4F:00:FA:6A:B5,"27,9","94,5"
2026-06-24T14:46:16,8C:4F:00:FA:6A:B5,"27,9","94,6"
2026-06-24T14:47:16,8C:4F:00:FA:6A:B5,"27,9","94,3"
2026-06-24T14:48:16,8C:4F:00:FA:6A:B5,"27,9","94,3"
2026-06-24T14:49:16,8C:4F:00:FA:6A:B5,"27,9","94,2"
2026-06-24T14:50:16,8C:4F:00:FA:6A:B5,"27,9","94,2"
2026-06-24T14:51:16,8C:4F:00:FA:6A:B5,"27,9","94,4"
2026-06-24T14:52:16,8C:4F:00:FA:6A:B5,"27,9","94,6"
2026-06-24T14:53:16,8C:4F:00:FA:6A:B5,"27,9","94,5"
2026-06-24T14:54:16,8C:4F:00:FA:6A:B5,"27,9","94,8"
2026-06-24T14:55:16,8C:4F:00:FA:6A:B5,"27,9","94,6"
2026-06-24T14:56:16,8C:4F:00:FA:6A:B5,"27,9","94,5"
2026-06-24T14:57:16,8C:4F:00:FA:6A:B5,"27,9","94,6"
2026-06-24T14:58:16,8C:4F:00:FA:6A:B5,"27,9","94,4"
2026-06-24T14:59:16,8C:4F:00:FA:6A:B5,"27,9","94,2"
2026-06-24T15:00:16,8C:4F:00:FA:6A:B5,"27,8","94,1"
2026-06-24T15:01:16,8C:4F:00:FA:6A:B5,"27,9","94,2"
2026-06-24T15:02:16,8C:4F:00:FA:6A:B5,"27,8","94,3"
2026-06-24T15:03:16,8C:4F:00:FA:6A:B5,"27,8","94,3"
2026-06-24T15:04:16,8C:4F:00:FA:6A:B5,"27,8","94,3"
2026-06-24T15:05:16,8C:4F:00:FA:6A:B5,"27,8","94,5"
2026-06-24T15:06:16,8C:4F:00:FA:6A:B5,"27,9","94,6"
2026-06-24T15:07:16,8C:4F:00:FA:6A:B5,"27,9","94,6"
2026-06-24T15:08:16,8C:4F:00:FA:6A:B5,"27,9","94,5"
2026-06-24T15:09:16,8C:4F:00:FA:6A:B5,"27,9","94,6"
2026-06-24T15:10:16,8C:4F:00:FA:6A:B5,"27,9","94,7"
2026-06-24T15:11:16,8C:4F:00:FA:6A:B5,"27,9","94,7"
2026-06-24T15:12:16,8C:4F:00:FA:6A:B5,"27,9","94,7"
2026-06-24T15:13:16,8C:4F:00:FA:6A:B5,"27,9","94,8"
2026-06-24T15:14:16,8C:4F:00:FA:6A:B5,"27,9","94,8"
2026-06-24T15:15:16,8C:4F:00:FA:6A:B5,"27,9","94,8"
2026-06-24T15:16:16,8C:4F:00:FA:6A:B5,"27,9","94,7"
2026-06-24T15:17:16,8C:4F:00:FA:6A:B5,"27,9","94,7"
2026-06-24T15:18:16,8C:4F:00:FA:6A:B5,"27,9","94,7"
2026-06-24T15:19:16,8C:4F:00:FA:6A:B5,"27,9","94,8"
2026-06-24T15:20:16,8C:4F:00:FA:6A:B5,"27,9","94,7"
2026-06-24T15:21:16,8C:4F:00:FA:6A:B5,"27,9","94,8"
2026-06-24T15:22:16,8C:4F:00:FA:6A:B5,"27,9","94,8"
2026-06-24T15:23:16,8C:4F:00:FA:6A:B5,"27,9","94,8"
2026-06-24T15:24:16,8C:4F:00:FA:6A:B5,"27,9","94,7"
2026-06-24T15:25:16,8C:4F:00:FA:6A:B5,"27,9","94,6"
2026-06-24T15:26:16,8C:4F:00:FA:6A:B5,"27,9","94,3"
2026-06-24T15:27:16,8C:4F:00:FA:6A:B5,"27,9","94,4"
2026-06-24T15:28:16,8C:4F:00:FA:6A:B5,"27,9","94,3"
2026-06-24T15:29:16,8C:4F:00:FA:6A:B5,"27,9","94,5"
2026-06-24T15:30:16,8C:4F:00:FA:6A:B5,"27,9","94,6"
2026-06-24T15:31:16,8C:4F:00:FA:6A:B5,"27,9","94,6"
2026-06-24T15:32:16,8C:4F:00:FA:6A:B5,"27,9","94,6"
2026-06-24T15:33:16,8C:4F:00:FA:6A:B5,"27,9","94,6"
2026-06-24T15:34:16,8C:4F:00:FA:6A:B5,"27,9","94,6"
2026-06-24T15:35:16,8C:4F:00:FA:6A:B5,"27,9","94,7"
2026-06-24T15:36:16,8C:4F:00:FA:6A:B5,"27,9","94,7"
2026-06-24T15:37:16,8C:4F:00:FA:6A:B5,"27,9","94,7"
2026-06-24T15:38:16,8C:4F:00:FA:6A:B5,"27,9","94,7"
2026-06-24T15:39:16,8C:4F:00:FA:6A:B5,"27,9","94,5"
2026-06-24T15:40:16,8C:4F:00:FA:6A:B5,"27,9","94,4"
2026-06-24T15:41:16,8C:4F:00:FA:6A:B5,"27,9","94,3"
2026-06-24T15:42:16,8C:4F:00:FA:6A:B5,"27,9","94,3"
2026-06-24T15:43:16,8C:4F:00:FA:6A:B5,"27,9","94,6"
2026-06-24T15:44:16,8C:4F:00:FA:6A:B5,"27,9","94,7"
2026-06-24T15:45:16,8C:4F:00:FA:6A:B5,"27,9","94,6"
2026-06-24T15:46:16,8C:4F:00:FA:6A:B5,"27,9","94,7"
2026-06-24T15:47:16,8C:4F:00:FA:6A:B5,"27,9","94,8"
2026-06-24T15:48:16,8C:4F:00:FA:6A:B5,"27,9","94,8"
2026-06-24T15:49:16,8C:4F:00:FA:6A:B5,"27,9","94,8"
2026-06-24T15:50:16,8C:4F:00:FA:6A:B5,"27,9","94,5"
2026-06-24T15:51:16,8C:4F:00:FA:6A:B5,"27,9","94,4"
2026-06-24T15:52:16,8C:4F:00:FA:6A:B5,"27,9","94,4"
2026-06-24T15:53:16,8C:4F:00:FA:6A:B5,"27,9","94,6"
2026-06-24T15:54:16,8C:4F:00:FA:6A:B5,"27,9","94,7"
2026-06-24T15:55:16,8C:4F:00:FA:6A:B5,"27,9","94,7"
2026-06-24T15:56:16,8C:4F:00:FA:6A:B5,"27,9","94,8"
2026-06-24T15:57:16,8C:4F:00:FA:6A:B5,"27,9","94,8"
2026-06-24T15:58:16,8C:4F:00:FA:6A:B5,"27,9","94,8"
2026-06-24T15:59:16,8C:4F:00:FA:6A:B5,"27,9","94,8"
2026-06-24T16:00:16,8C:4F:00:FA:6A:B5,"27,9","94,7"
2026-06-24T16:01:16,8C:4F:00:FA:6A:B5,"27,9","94,7"
2026-06-24T16:02:16,8C:4F:00:FA:6A:B5,"27,9","94,7"
2026-06-24T16:03:16,8C:4F:00:FA:6A:B5,"27,9","94,7"
2026-06-24T16:04:16,8C:4F:00:FA:6A:B5,"27,9","94,7"
2026-06-24T16:05:16,8C:4F:00:FA:6A:B5,"27,9","94,8"
2026-06-24T16:06:16,8C:4F:00:FA:6A:B5,"27,9","94,9"
2026-06-24T16:07:16,8C:4F:00:FA:6A:B5,"27,9","94,9"
2026-06-24T16:08:16,8C:4F:00:FA:6A:B5,"27,9","94,9"
2026-06-24T16:09:16,8C:4F:00:FA:6A:B5,"27,9","94,9"
2026-06-24T16:10:16,8C:4F:00:FA:6A:B5,"27,9","94,9"
2026-06-24T16:11:16,8C:4F:00:FA:6A:B5,"27,9","94,8"
2026-06-24T16:12:16,8C:4F:00:FA:6A:B5,"27,9","94,8"
2026-06-24T16:13:16,8C:4F:00:FA:6A:B5,"27,9","94,7"
2026-06-24T16:14:16,8C:4F:00:FA:6A:B5,"27,9","94,7"
2026-06-24T16:15:16,8C:4F:00:FA:6A:B5,"27,9","94,7"
2026-06-24T16:16:16,8C:4F:00:FA:6A:B5,"27,9","94,7"
2026-06-24T16:17:16,8C:4F:00:FA:6A:B5,"27,9","94,6"
2026-06-24T16:18:16,8C:4F:00:FA:6A:B5,"27,9","94,5"
2026-06-24T16:19:16,8C:4F:00:FA:6A:B5,"27,8","94,5"
2026-06-24T16:20:16,8C:4F:00:FA:6A:B5,"27,9","94,5"
2026-06-24T16:21:16,8C:4F:00:FA:6A:B5,"27,9","94,5"
2026-06-24T16:22:16,8C:4F:00:FA:6A:B5,"27,9","94,6"
2026-06-24T16:23:16,8C:4F:00:FA:6A:B5,"27,9","94,6"
2026-06-24T16:24:16,8C:4F:00:FA:6A:B5,"27,9","94,8"
2026-06-24T16:25:16,8C:4F:00:FA:6A:B5,"27,9","94,9"
2026-06-24T16:26:16,8C:4F:00:FA:6A:B5,"27,9","94,9"
2026-06-24T16:27:16,8C:4F:00:FA:6A:B5,"27,9","94,9"
2026-06-24T16:28:16,8C:4F:00:FA:6A:B5,"27,9","94,9"
2026-06-24T16:29:16,8C:4F:00:FA:6A:B5,"27,9","94,8"
2026-06-24T16:30:16,8C:4F:00:FA:6A:B5,"27,9","94,7"
2026-06-24T16:31:16,8C:4F:00:FA:6A:B5,"27,9","94,7"
2026-06-24T16:32:16,8C:4F:00:FA:6A:B5,"27,9","94,7"
2026-06-24T16:33:16,8C:4F:00:FA:6A:B5,"27,9","94,8"
2026-06-24T16:34:16,8C:4F:00:FA:6A:B5,"27,9","94,8"
2026-06-24T16:35:16,8C:4F:00:FA:6A:B5,"27,9","94,8"
2026-06-24T16:36:16,8C:4F:00:FA:6A:B5,"27,9","94,8"
2026-06-24T16:37:16,8C:4F:00:FA:6A:B5,"27,9","94,8"
2026-06-24T16:38:16,8C:4F:00:FA:6A:B5,"27,9","94,9"
2026-06-24T16:39:16,8C:4F:00:FA:6A:B5,"27,9","94,9"
2026-06-24T16:40:16,8C:4F:00:FA:6A:B5,"27,9",95
2026-06-24T16:41:16,8C:4F:00:FA:6A:B5,"27,9","94,9"
2026-06-24T16:42:16,8C:4F:00:FA:6A:B5,"27,9","94,8"
2026-06-24T16:43:16,8C:4F:00:FA:6A:B5,"27,9","94,8"
2026-06-24T16:44:16,8C:4F:00:FA:6A:B5,"27,9","94,8"
2026-06-24T16:45:16,8C:4F:00:FA:6A:B5,"27,9","94,8"
2026-06-24T16:46:16,8C:4F:00:FA:6A:B5,"27,9","94,9"
2026-06-24T16:47:16,8C:4F:00:FA:6A:B5,"27,9","94,8"
2026-06-24T16:48:16,8C:4F:00:FA:6A:B5,"27,9","94,7"
2026-06-24T16:49:16,8C:4F:00:FA:6A:B5,"27,9","94,9"
2026-06-24T16:50:16,8C:4F:00:FA:6A:B5,"27,9",95
2026-06-24T16:51:16,8C:4F:00:FA:6A:B5,"27,9","94,8"
2026-06-24T16:52:16,8C:4F:00:FA:6A:B5,"27,9","94,8"
2026-06-24T16:53:16,8C:4F:00:FA:6A:B5,"27,9","94,9"
2026-06-24T16:54:16,8C:4F:00:FA:6A:B5,"27,9","94,8"
2026-06-24T16:55:16,8C:4F:00:FA:6A:B5,"27,9","94,7"
2026-06-24T16:56:16,8C:4F:00:FA:6A:B5,"27,8","94,5"
2026-06-24T16:57:16,8C:4F:00:FA:6A:B5,"27,8","94,6"
2026-06-24T16:58:16,8C:4F:00:FA:6A:B5,"27,9","94,6"
2026-06-24T16:59:16,8C:4F:00:FA:6A:B5,"27,9","94,6"
2026-06-24T17:00:16,8C:4F:00:FA:6A:B5,"27,9","94,7"
2026-06-24T17:01:16,8C:4F:00:FA:6A:B5,"27,8","94,6"
2026-06-24T17:02:16,8C:4F:00:FA:6A:B5,"27,8","94,6"
2026-06-24T17:03:16,8C:4F:00:FA:6A:B5,"27,9","94,5"
2026-06-24T17:04:16,8C:4F:00:FA:6A:B5,"27,9","94,6"
2026-06-24T17:05:16,8C:4F:00:FA:6A:B5,"27,9","94,9"
2026-06-24T17:06:16,8C:4F:00:FA:6A:B5,"27,9","94,7"
2026-06-24T17:07:16,8C:4F:00:FA:6A:B5,"27,9","94,7"
2026-06-24T17:08:16,8C:4F:00:FA:6A:B5,"27,9","94,6"
2026-06-24T17:09:16,8C:4F:00:FA:6A:B5,"27,9","94,6"
2026-06-24T17:10:16,8C:4F:00:FA:6A:B5,"27,8","94,6"
2026-06-24T17:11:16,8C:4F:00:FA:6A:B5,"27,9","94,7"
2026-06-24T17:12:16,8C:4F:00:FA:6A:B5,"27,8","94,8"
2026-06-24T17:13:16,8C:4F:00:FA:6A:B5,"27,8","94,7"
2026-06-24T17:14:16,8C:4F:00:FA:6A:B5,"27,8","94,7"
2026-06-24T17:15:16,8C:4F:00:FA:6A:B5,"27,8","94,5"
2026-06-24T17:16:16,8C:4F:00:FA:6A:B5,"27,8","94,5"
2026-06-24T17:17:16,8C:4F:00:FA:6A:B5,"27,8","94,5"
2026-06-24T17:18:16,8C:4F:00:FA:6A:B5,"27,8","94,6"
2026-06-24T17:19:16,8C:4F:00:FA:6A:B5,"27,8","94,8"
2026-06-24T17:20:16,8C:4F:00:FA:6A:B5,"27,8","94,9"
2026-06-24T17:21:16,8C:4F:00:FA:6A:B5,"27,8","94,9"
2026-06-24T17:22:16,8C:4F:00:FA:6A:B5,"27,8",95
2026-06-24T17:23:16,8C:4F:00:FA:6A:B5,"27,8",95
2026-06-24T17:24:16,8C:4F:00:FA:6A:B5,"27,8",95
2026-06-24T17:25:16,8C:4F:00:FA:6A:B5,"27,8",95
2026-06-24T17:26:16,8C:4F:00:FA:6A:B5,"27,8",95
2026-06-24T17:27:16,8C:4F:00:FA:6A:B5,"27,8","94,9"
2026-06-24T17:28:16,8C:4F:00:FA:6A:B5,"27,8",95
2026-06-24T17:29:16,8C:4F:00:FA:6A:B5,"27,8",95
2026-06-24T17:30:16,8C:4F:00:FA:6A:B5,"27,8","94,9"
2026-06-24T17:31:16,8C:4F:00:FA:6A:B5,"27,8","94,9"
2026-06-24T17:32:16,8C:4F:00:FA:6A:B5,"27,8","94,9"
2026-06-24T17:33:16,8C:4F:00:FA:6A:B5,"27,8",95
2026-06-24T17:34:16,8C:4F:00:FA:6A:B5,"27,8","94,9"
2026-06-24T17:35:16,8C:4F:00:FA:6A:B5,"27,8",95
2026-06-24T17:36:16,8C:4F:00:FA:6A:B5,"27,9",95
2026-06-24T17:37:16,8C:4F:00:FA:6A:B5,"27,8","94,9"
2026-06-24T17:38:16,8C:4F:00:FA:6A:B5,"27,8","94,9"
2026-06-24T17:39:16,8C:4F:00:FA:6A:B5,"27,8","94,9"
2026-06-24T17:40:16,8C:4F:00:FA:6A:B5,"27,8","94,9"
2026-06-24T17:41:16,8C:4F:00:FA:6A:B5,"27,9","94,9"
2026-06-24T17:42:16,8C:4F:00:FA:6A:B5,"27,8","94,9"
2026-06-24T17:43:16,8C:4F:00:FA:6A:B5,"27,8",95
2026-06-24T17:44:16,8C:4F:00:FA:6A:B5,"27,8",95
2026-06-24T17:45:16,8C:4F:00:FA:6A:B5,"27,8",95
2026-06-24T17:46:16,8C:4F:00:FA:6A:B5,"27,9",95
2026-06-24T17:47:16,8C:4F:00:FA:6A:B5,"27,8","94,9"
2026-06-24T17:48:16,8C:4F:00:FA:6A:B5,"27,8",95
2026-06-24T17:49:16,8C:4F:00:FA:6A:B5,"27,9","94,9"
2026-06-24T17:50:16,8C:4F:00:FA:6A:B5,"27,8","94,9"
2026-06-24T17:51:16,8C:4F:00:FA:6A:B5,"27,8","94,9"
2026-06-24T17:52:16,8C:4F:00:FA:6A:B5,"27,8",95
2026-06-24T17:53:16,8C:4F:00:FA:6A:B5,"27,8","95,1"
2026-06-24T17:54:16,8C:4F:00:FA:6A:B5,"27,9",95
2026-06-24T17:55:16,8C:4F:00:FA:6A:B5,"27,9","95,1"
2026-06-24T17:56:16,8C:4F:00:FA:6A:B5,"27,9",95
2026-06-24T17:57:16,8C:4F:00:FA:6A:B5,"27,9",95
2026-06-24T17:58:16,8C:4F:00:FA:6A:B5,"27,8","94,9"
2026-06-24T17:59:16,8C:4F:00:FA:6A:B5,"27,8","94,9"
2026-06-24T18:00:16,8C:4F:00:FA:6A:B5,"27,8","95,1"
2026-06-24T18:01:16,8C:4F:00:FA:6A:B5,"27,8","95,1"
2026-06-24T18:02:16,8C:4F:00:FA:6A:B5,"27,9","95,1"
2026-06-24T18:03:16,8C:4F:00:FA:6A:B5,"27,9",95
2026-06-24T18:04:16,8C:4F:00:FA:6A:B5,"27,8",95
2026-06-24T18:05:16,8C:4F:00:FA:6A:B5,"27,8","95,1"
2026-06-24T18:06:16,8C:4F:00:FA:6A:B5,"27,8","95,1"
2026-06-24T18:07:16,8C:4F:00:FA:6A:B5,"27,9","95,1"
2026-06-24T18:08:16,8C:4F:00:FA:6A:B5,"27,8",95
2026-06-24T18:09:16,8C:4F:00:FA:6A:B5,"27,8",95
2026-06-24T18:10:16,8C:4F:00:FA:6A:B5,"27,9","95,1"
2026-06-24T18:11:16,8C:4F:00:FA:6A:B5,"27,9",95
2026-06-24T18:12:16,8C:4F:00:FA:6A:B5,"27,8","94,8"
2026-06-24T18:13:16,8C:4F:00:FA:6A:B5,"27,8","94,9"
2026-06-24T18:14:16,8C:4F:00:FA:6A:B5,"27,9","94,9"
2026-06-24T18:15:16,8C:4F:00:FA:6A:B5,"27,8","94,9"
2026-06-24T18:16:16,8C:4F:00:FA:6A:B5,"27,8","94,9"
2026-06-24T18:17:16,8C:4F:00:FA:6A:B5,"27,8",95
2026-06-24T18:18:16,8C:4F:00:FA:6A:B5,"27,8",95
2026-06-24T18:19:16,8C:4F:00:FA:6A:B5,"27,9",95
2026-06-24T18:20:16,8C:4F:00:FA:6A:B5,"27,8","94,9"
2026-06-24T18:21:16,8C:4F:00:FA:6A:B5,"27,8","94,8"
2026-06-24T18:22:16,8C:4F:00:FA:6A:B5,"27,8","94,7"
2026-06-24T18:23:16,8C:4F:00:FA:6A:B5,"27,8","94,7"
2026-06-24T18:24:16,8C:4F:00:FA:6A:B5,"27,8","94,8"
2026-06-24T18:25:16,8C:4F:00:FA:6A:B5,"27,8","94,8"
2026-06-24T18:26:16,8C:4F:00:FA:6A:B5,"27,8","94,8"
2026-06-24T18:27:16,8C:4F:00:FA:6A:B5,"27,8","94,7"
2026-06-24T18:28:16,8C:4F:00:FA:6A:B5,"27,8","94,7"
2026-06-24T18:29:16,8C:4F:00:FA:6A:B5,"27,8","94,8"
2026-06-24T18:30:16,8C:4F:00:FA:6A:B5,"27,8","94,8"
2026-06-24T18:31:16,8C:4F:00:FA:6A:B5,"27,8",95
2026-06-24T18:32:16,8C:4F:00:FA:6A:B5,"27,8","95,2"
2026-06-24T18:33:16,8C:4F:00:FA:6A:B5,"27,8","95,1"
2026-06-24T18:34:16,8C:4F:00:FA:6A:B5,"27,8",95
2026-06-24T18:35:16,8C:4F:00:FA:6A:B5,"27,8","95,1"
2026-06-24T18:36:16,8C:4F:00:FA:6A:B5,"27,8","95,1"
2026-06-24T18:37:16,8C:4F:00:FA:6A:B5,"27,8","95,1"
2026-06-24T18:38:16,8C:4F:00:FA:6A:B5,"27,8",95
2026-06-24T18:39:16,8C:4F:00:FA:6A:B5,"27,8","94,9"
2026-06-24T18:40:16,8C:4F:00:FA:6A:B5,"27,8","94,8"
2026-06-24T18:41:16,8C:4F:00:FA:6A:B5,"27,8","94,8"
2026-06-24T18:42:16,8C:4F:00:FA:6A:B5,"27,8","94,9"
2026-06-24T18:43:16,8C:4F:00:FA:6A:B5,"27,8","94,9"
2026-06-24T18:44:16,8C:4F:00:FA:6A:B5,"27,8",95
2026-06-24T18:45:16,8C:4F:00:FA:6A:B5,"27,8",95
2026-06-24T18:46:16,8C:4F:00:FA:6A:B5,"27,8","94,9"
2026-06-24T18:47:16,8C:4F:00:FA:6A:B5,"27,8","94,8"
2026-06-24T18:48:16,8C:4F:00:FA:6A:B5,"27,8","94,9"
2026-06-24T18:49:16,8C:4F:00:FA:6A:B5,"27,8","94,9"
2026-06-24T18:50:16,8C:4F:00:FA:6A:B5,"27,8","94,8"
2026-06-24T18:51:16,8C:4F:00:FA:6A:B5,"27,8","94,7"
2026-06-24T18:52:16,8C:4F:00:FA:6A:B5,"27,8","94,7"
2026-06-24T18:53:16,8C:4F:00:FA:6A:B5,"27,8","94,9"
2026-06-24T18:54:16,8C:4F:00:FA:6A:B5,"27,8","94,9"
2026-06-24T18:55:16,8C:4F:00:FA:6A:B5,"27,8","94,9"
2026-06-24T18:56:16,8C:4F:00:FA:6A:B5,"27,8","94,9"
2026-06-24T18:57:16,8C:4F:00:FA:6A:B5,"27,8",95
2026-06-24T18:58:16,8C:4F:00:FA:6A:B5,"27,8","94,8"
2026-06-24T18:59:16,8C:4F:00:FA:6A:B5,"27,8","95,2"
2026-06-24T19:00:16,8C:4F:00:FA:6A:B5,"27,8","95,3"
2026-06-24T19:01:16,8C:4F:00:FA:6A:B5,"27,8","95,1"
2026-06-24T19:02:16,8C:4F:00:FA:6A:B5,"27,8",95
2026-06-24T19:03:16,8C:4F:00:FA:6A:B5,"27,8",95
2026-06-24T19:04:16,8C:4F:00:FA:6A:B5,"27,8",95
2026-06-24T19:05:16,8C:4F:00:FA:6A:B5,"27,8",95
2026-06-24T19:06:16,8C:4F:00:FA:6A:B5,"27,8","94,8"
2026-06-24T19:07:16,8C:4F:00:FA:6A:B5,"27,8","94,8"
2026-06-24T19:08:16,8C:4F:00:FA:6A:B5,"27,8","94,9"
2026-06-24T19:09:16,8C:4F:00:FA:6A:B5,"27,8","94,9"
2026-06-24T19:10:16,8C:4F:00:FA:6A:B5,"27,8","94,9"
2026-06-24T19:11:16,8C:4F:00:FA:6A:B5,"27,8","94,9"
2026-06-24T19:12:16,8C:4F:00:FA:6A:B5,"27,8","94,8"
2026-06-24T19:13:16,8C:4F:00:FA:6A:B5,"27,8","94,8"
2026-06-24T19:14:16,8C:4F:00:FA:6A:B5,"27,8","94,8"
2026-06-24T19:15:16,8C:4F:00:FA:6A:B5,"27,8","94,9"
2026-06-24T19:16:16,8C:4F:00:FA:6A:B5,"27,8","94,9"
2026-06-24T19:17:16,8C:4F:00:FA:6A:B5,"27,8",95
2026-06-24T19:18:16,8C:4F:00:FA:6A:B5,"27,8","95,1"
2026-06-24T19:19:16,8C:4F:00:FA:6A:B5,"27,8",95
2026-06-24T19:20:16,8C:4F:00:FA:6A:B5,"27,8","94,8"
2026-06-24T19:21:16,8C:4F:00:FA:6A:B5,"27,8",95
2026-06-24T19:22:16,8C:4F:00:FA:6A:B5,"27,8",95
2026-06-24T19:23:16,8C:4F:00:FA:6A:B5,"27,8","94,9"
2026-06-24T19:24:16,8C:4F:00:FA:6A:B5,"27,8","94,8"
2026-06-24T19:25:16,8C:4F:00:FA:6A:B5,"27,8","94,8"
2026-06-24T19:26:16,8C:4F:00:FA:6A:B5,"27,8","94,8"
2026-06-24T19:27:16,8C:4F:00:FA:6A:B5,"27,8","94,8"
2026-06-24T19:28:16,8C:4F:00:FA:6A:B5,"27,8","94,9"
2026-06-24T19:29:16,8C:4F:00:FA:6A:B5,"27,8","94,7"
2026-06-24T19:30:16,8C:4F:00:FA:6A:B5,"27,8","94,9"
2026-06-24T19:31:16,8C:4F:00:FA:6A:B5,"27,8","94,8"
2026-06-24T19:32:16,8C:4F:00:FA:6A:B5,"27,8","94,8"
2026-06-24T19:33:16,8C:4F:00:FA:6A:B5,"27,8","94,8"
2026-06-24T19:34:16,8C:4F:00:FA:6A:B5,"27,8","94,9"
2026-06-24T19:35:16,8C:4F:00:FA:6A:B5,"27,8","94,9"
2026-06-24T19:36:16,8C:4F:00:FA:6A:B5,"27,8","94,9"
2026-06-24T19:37:16,8C:4F:00:FA:6A:B5,"27,8","94,9"
2026-06-24T19:38:16,8C:4F:00:FA:6A:B5,"27,8","94,8"
2026-06-24T19:39:16,8C:4F:00:FA:6A:B5,"27,8","94,9"
2026-06-24T19:40:16,8C:4F:00:FA:6A:B5,"27,8","94,6"
2026-06-24T19:41:16,8C:4F:00:FA:6A:B5,"27,8","94,8"
2026-06-24T19:42:16,8C:4F:00:FA:6A:B5,"27,8","94,6"
2026-06-24T19:43:16,8C:4F:00:FA:6A:B5,"27,7","94,7"
2026-06-24T19:44:16,8C:4F:00:FA:6A:B5,"27,8","94,7"
2026-06-24T19:45:16,8C:4F:00:FA:6A:B5,"27,8","94,7"
2026-06-24T19:46:16,8C:4F:00:FA:6A:B5,"27,7","94,7"
2026-06-24T19:47:16,8C:4F:00:FA:6A:B5,"27,7","94,6"
2026-06-24T19:48:16,8C:4F:00:FA:6A:B5,"27,7","94,7"
2026-06-24T19:49:16,8C:4F:00:FA:6A:B5,"27,8","94,8"
2026-06-24T19:50:16,8C:4F:00:FA:6A:B5,"27,7","94,9"
2026-06-24T19:51:16,8C:4F:00:FA:6A:B5,"27,8",95
2026-06-24T19:52:16,8C:4F:00:FA:6A:B5,"27,7","94,9"
2026-06-24T19:53:16,8C:4F:00:FA:6A:B5,"27,8","94,7"
2026-06-24T19:54:16,8C:4F:00:FA:6A:B5,"27,7","94,8"
2026-06-24T19:55:16,8C:4F:00:FA:6A:B5,"27,7","94,9"
2026-06-24T19:56:16,8C:4F:00:FA:6A:B5,"27,8","94,7"
2026-06-24T19:57:16,8C:4F:00:FA:6A:B5,"27,7","94,7"
2026-06-24T19:58:16,8C:4F:00:FA:6A:B5,"27,7","94,8"
2026-06-24T19:59:16,8C:4F:00:FA:6A:B5,"27,7","94,8"
2026-06-24T20:00:16,8C:4F:00:FA:6A:B5,"27,7","95,1"
2026-06-24T20:01:16,8C:4F:00:FA:6A:B5,"27,7",95
2026-06-24T20:02:16,8C:4F:00:FA:6A:B5,"27,7",95
2026-06-24T20:03:16,8C:4F:00:FA:6A:B5,"27,8","94,9"
2026-06-24T20:04:16,8C:4F:00:FA:6A:B5,"27,8",95
2026-06-24T20:05:16,8C:4F:00:FA:6A:B5,"27,8","95,1"
2026-06-24T20:06:16,8C:4F:00:FA:6A:B5,"27,8","95,1"
2026-06-24T20:07:16,8C:4F:00:FA:6A:B5,"27,8","95,1"
2026-06-24T20:08:16,8C:4F:00:FA:6A:B5,"27,8","95,1"
2026-06-24T20:09:16,8C:4F:00:FA:6A:B5,"27,8","95,2"
2026-06-24T20:10:16,8C:4F:00:FA:6A:B5,"27,8","95,2"
2026-06-24T20:11:16,8C:4F:00:FA:6A:B5,"27,8","95,2"
2026-06-24T20:12:16,8C:4F:00:FA:6A:B5,"27,8","95,1"
2026-06-24T20:13:16,8C:4F:00:FA:6A:B5,"27,8","95,2"
2026-06-24T20:14:16,8C:4F:00:FA:6A:B5,"27,8","95,2"
2026-06-24T20:15:16,8C:4F:00:FA:6A:B5,"27,8","95,2"
2026-06-24T20:16:16,8C:4F:00:FA:6A:B5,"27,8","95,2"
2026-06-24T20:17:16,8C:4F:00:FA:6A:B5,"27,8","95,2"
2026-06-24T20:18:16,8C:4F:00:FA:6A:B5,"27,8","95,2"
2026-06-24T20:19:16,8C:4F:00:FA:6A:B5,"27,8","95,2"
2026-06-24T20:20:16,8C:4F:00:FA:6A:B5,"27,8","95,2"
2026-06-24T20:21:16,8C:4F:00:FA:6A:B5,"27,8","95,3"
2026-06-24T20:22:16,8C:4F:00:FA:6A:B5,"27,8","95,3"
2026-06-24T20:23:16,8C:4F:00:FA:6A:B5,"27,8","95,3"
2026-06-24T20:24:16,8C:4F:00:FA:6A:B5,"27,8","95,3"
2026-06-24T20:25:16,8C:4F:00:FA:6A:B5,"27,8","95,3"
2026-06-24T20:26:16,8C:4F:00:FA:6A:B5,"27,8","95,3"
2026-06-24T20:27:16,8C:4F:00:FA:6A:B5,"27,8","95,4"
2026-06-24T20:28:16,8C:4F:00:FA:6A:B5,"27,8","95,3"
2026-06-24T20:29:16,8C:4F:00:FA:6A:B5,"27,8","95,2"
2026-06-24T20:30:16,8C:4F:00:FA:6A:B5,"27,8","95,3"
2026-06-24T20:31:16,8C:4F:00:FA:6A:B5,"27,8","95,2"
2026-06-24T20:32:16,8C:4F:00:FA:6A:B5,"27,8","95,2"
2026-06-24T20:33:16,8C:4F:00:FA:6A:B5,"27,8","95,3"
2026-06-24T20:34:16,8C:4F:00:FA:6A:B5,"27,8","95,3"
2026-06-24T20:35:16,8C:4F:00:FA:6A:B5,"27,8","95,2"
2026-06-24T20:36:16,8C:4F:00:FA:6A:B5,"27,8","95,2"
2026-06-24T20:37:16,8C:4F:00:FA:6A:B5,"27,8","95,2"
2026-06-24T20:38:16,8C:4F:00:FA:6A:B5,"27,8","95,3"
2026-06-24T20:39:16,8C:4F:00:FA:6A:B5,"27,8","95,3"
2026-06-24T20:40:16,8C:4F:00:FA:6A:B5,"27,9","95,3"
2026-06-24T20:41:16,8C:4F:00:FA:6A:B5,"27,9","95,2"
2026-06-24T20:42:16,8C:4F:00:FA:6A:B5,"27,9","95,1"
2026-06-24T20:43:16,8C:4F:00:FA:6A:B5,"27,8","95,1"
2026-06-24T20:44:16,8C:4F:00:FA:6A:B5,"27,9",95
2026-06-24T20:45:16,8C:4F:00:FA:6A:B5,"27,9","95,2"
2026-06-24T20:46:16,8C:4F:00:FA:6A:B5,"27,8","95,2"
2026-06-24T20:47:16,8C:4F:00:FA:6A:B5,"27,9","95,2"
2026-06-24T20:48:16,8C:4F:00:FA:6A:B5,"27,9","95,2"
2026-06-24T20:49:16,8C:4F:00:FA:6A:B5,"27,9","95,2"
2026-06-24T20:50:16,8C:4F:00:FA:6A:B5,"27,9","95,2"
2026-06-24T20:51:16,8C:4F:00:FA:6A:B5,"27,9","95,2"
2026-06-24T20:52:16,8C:4F:00:FA:6A:B5,"27,9","95,1"
2026-06-24T20:53:16,8C:4F:00:FA:6A:B5,"27,9","95,1"
2026-06-24T20:54:16,8C:4F:00:FA:6A:B5,"27,9",95
2026-06-24T20:55:16,8C:4F:00:FA:6A:B5,"27,9","95,1"
2026-06-24T20:56:16,8C:4F:00:FA:6A:B5,"27,9","95,1"
2026-06-24T20:57:16,8C:4F:00:FA:6A:B5,"27,9","95,1"
2026-06-24T20:58:16,8C:4F:00:FA:6A:B5,"27,9","95,2"
2026-06-24T20:59:16,8C:4F:00:FA:6A:B5,"27,9","95,2"
2026-06-24T21:00:16,8C:4F:00:FA:6A:B5,"27,9","95,1"
2026-06-24T21:01:16,8C:4F:00:FA:6A:B5,"27,9","95,1"
2026-06-24T21:02:16,8C:4F:00:FA:6A:B5,"27,9","95,1"
2026-06-24T21:03:16,8C:4F:00:FA:6A:B5,"27,9","95,1"
2026-06-24T21:04:16,8C:4F:00:FA:6A:B5,"27,9","95,1"
2026-06-24T21:05:16,8C:4F:00:FA:6A:B5,"27,9","95,1"
2026-06-24T21:06:16,8C:4F:00:FA:6A:B5,"27,9","95,1"
2026-06-24T21:07:16,8C:4F:00:FA:6A:B5,"27,9","95,1"
2026-06-24T21:08:16,8C:4F:00:FA:6A:B5,"27,9","95,1"
2026-06-24T21:09:16,8C:4F:00:FA:6A:B5,"27,9","95,1"
2026-06-24T21:10:16,8C:4F:00:FA:6A:B5,"27,9","95,1"
2026-06-24T21:11:16,8C:4F:00:FA:6A:B5,"27,9","95,1"
2026-06-24T21:12:16,8C:4F:00:FA:6A:B5,"27,9","95,1"
2026-06-24T21:13:16,8C:4F:00:FA:6A:B5,"27,9",95
2026-06-24T21:14:16,8C:4F:00:FA:6A:B5,"27,9",95
2026-06-24T21:15:16,8C:4F:00:FA:6A:B5,"27,9",95
2026-06-24T21:16:16,8C:4F:00:FA:6A:B5,"27,9","95,1"
2026-06-24T21:17:16,8C:4F:00:FA:6A:B5,"27,9",95
2026-06-24T21:18:16,8C:4F:00:FA:6A:B5,"27,9",95
2026-06-24T21:19:16,8C:4F:00:FA:6A:B5,"27,9",95
2026-06-24T21:20:16,8C:4F:00:FA:6A:B5,"27,9",95
2026-06-24T21:21:16,8C:4F:00:FA:6A:B5,"27,9",95
2026-06-24T21:22:16,8C:4F:00:FA:6A:B5,"27,9","94,7"
2026-06-24T21:23:16,8C:4F:00:FA:6A:B5,"27,9",95
2026-06-24T21:24:16,8C:4F:00:FA:6A:B5,"27,9","95,2"
2026-06-24T21:25:16,8C:4F:00:FA:6A:B5,"27,9","95,1"
2026-06-24T21:26:16,8C:4F:00:FA:6A:B5,"27,9","95,1"
2026-06-24T21:27:16,8C:4F:00:FA:6A:B5,"27,9","95,2"
2026-06-24T21:28:16,8C:4F:00:FA:6A:B5,"27,9","95,2"
2026-06-24T21:29:16,8C:4F:00:FA:6A:B5,"27,9","95,2"
2026-06-24T21:30:16,8C:4F:00:FA:6A:B5,"27,9","95,2"
2026-06-24T21:31:16,8C:4F:00:FA:6A:B5,"27,9","95,2"
2026-06-24T21:32:16,8C:4F:00:FA:6A:B5,"27,9","95,1"
2026-06-24T21:33:16,8C:4F:00:FA:6A:B5,"27,9","95,1"
2026-06-24T21:34:16,8C:4F:00:FA:6A:B5,"27,9","95,1"
2026-06-24T21:35:16,8C:4F:00:FA:6A:B5,"27,9","95,1"
2026-06-24T21:36:16,8C:4F:00:FA:6A:B5,"27,9","95,1"
2026-06-24T21:37:16,8C:4F:00:FA:6A:B5,"27,9","94,9"
2026-06-24T21:38:16,8C:4F:00:FA:6A:B5,"27,9","94,9"
2026-06-24T21:39:16,8C:4F:00:FA:6A:B5,28,95
2026-06-24T21:40:16,8C:4F:00:FA:6A:B5,28,95
2026-06-24T21:41:16,8C:4F:00:FA:6A:B5,28,95
2026-06-24T21:42:16,8C:4F:00:FA:6A:B5,"27,9",95
2026-06-24T21:43:16,8C:4F:00:FA:6A:B5,28,"95,1"
2026-06-24T21:44:16,8C:4F:00:FA:6A:B5,28,95
2026-06-24T21:45:16,8C:4F:00:FA:6A:B5,28,"95,1"
2026-06-24T21:46:16,8C:4F:00:FA:6A:B5,"27,9",95
2026-06-24T21:47:16,8C:4F:00:FA:6A:B5,28,"95,1"
2026-06-24T21:48:16,8C:4F:00:FA:6A:B5,28,95
2026-06-24T21:49:16,8C:4F:00:FA:6A:B5,28,95
2026-06-24T21:50:16,8C:4F:00:FA:6A:B5,28,"94,9"
2026-06-24T21:51:16,8C:4F:00:FA:6A:B5,28,95
2026-06-24T21:52:16,8C:4F:00:FA:6A:B5,28,95
2026-06-24T21:53:16,8C:4F:00:FA:6A:B5,28,95
2026-06-24T21:54:16,8C:4F:00:FA:6A:B5,28,"94,9"
2026-06-24T21:55:16,8C:4F:00:FA:6A:B5,28,"94,9"
2026-06-24T21:56:16,8C:4F:00:FA:6A:B5,28,"94,9"
2026-06-24T21:57:16,8C:4F:00:FA:6A:B5,28,"94,9"
2026-06-24T21:58:16,8C:4F:00:FA:6A:B5,28,"94,8"
2026-06-24T21:59:16,8C:4F:00:FA:6A:B5,28,"94,9"
2026-06-24T22:00:16,8C:4F:00:FA:6A:B5,28,"94,9"
2026-06-24T22:01:16,8C:4F:00:FA:6A:B5,28,"94,8"
2026-06-24T22:02:16,8C:4F:00:FA:6A:B5,28,"94,8"
2026-06-24T22:03:16,8C:4F:00:FA:6A:B5,28,95
2026-06-24T22:04:16,8C:4F:00:FA:6A:B5,28,"95,2"
2026-06-24T22:05:16,8C:4F:00:FA:6A:B5,28,"94,9"
2026-06-24T22:06:16,8C:4F:00:FA:6A:B5,28,"94,9"
2026-06-24T22:07:16,8C:4F:00:FA:6A:B5,"28,1",95
2026-06-24T22:08:16,8C:4F:00:FA:6A:B5,28,"94,8"
2026-06-24T22:09:16,8C:4F:00:FA:6A:B5,28,"94,8"
2026-06-24T22:10:16,8C:4F:00:FA:6A:B5,28,"94,8"
2026-06-24T22:11:16,8C:4F:00:FA:6A:B5,28,"94,7"
2026-06-24T22:12:16,8C:4F:00:FA:6A:B5,28,"94,8"
2026-06-24T22:13:16,8C:4F:00:FA:6A:B5,"28,1","94,7"
2026-06-24T22:14:16,8C:4F:00:FA:6A:B5,28,"94,5"
2026-06-24T22:15:16,8C:4F:00:FA:6A:B5,28,"94,7"
2026-06-24T22:16:16,8C:4F:00:FA:6A:B5,28,"94,8"
2026-06-24T22:17:16,8C:4F:00:FA:6A:B5,28,"94,7"
2026-06-24T22:18:16,8C:4F:00:FA:6A:B5,28,"94,7"
2026-06-24T22:19:16,8C:4F:00:FA:6A:B5,28,"94,6"
2026-06-24T22:20:16,8C:4F:00:FA:6A:B5,28,"94,1"
2026-06-24T22:21:16,8C:4F:00:FA:6A:B5,28,"94,7"
2026-06-24T22:22:16,8C:4F:00:FA:6A:B5,"28,1","94,7"
2026-06-24T22:23:16,8C:4F:00:FA:6A:B5,"28,1","94,7"
2026-06-24T22:24:16,8C:4F:00:FA:6A:B5,"28,1","94,7"
2026-06-24T22:25:16,8C:4F:00:FA:6A:B5,"28,1","94,7"
2026-06-24T22:26:16,8C:4F:00:FA:6A:B5,"28,1","94,6"
2026-06-24T22:27:16,8C:4F:00:FA:6A:B5,28,"94,7"
2026-06-24T22:28:16,8C:4F:00:FA:6A:B5,"28,1","94,7"
2026-06-24T22:29:16,8C:4F:00:FA:6A:B5,"28,1","94,7"
2026-06-24T22:30:16,8C:4F:00:FA:6A:B5,"28,1","94,8"
2026-06-24T22:31:16,8C:4F:00:FA:6A:B5,"28,1","94,9"
2026-06-24T22:32:16,8C:4F:00:FA:6A:B5,"28,1","94,9"
2026-06-24T22:33:16,8C:4F:00:FA:6A:B5,"28,1","94,8"
2026-06-24T22:34:16,8C:4F:00:FA:6A:B5,"28,1","94,8"
2026-06-24T22:35:16,8C:4F:00:FA:6A:B5,"28,1","94,8"
2026-06-24T22:36:16,8C:4F:00:FA:6A:B5,"28,1","94,7"
2026-06-24T22:37:16,8C:4F:00:FA:6A:B5,"28,1","94,7"
2026-06-24T22:38:16,8C:4F:00:FA:6A:B5,"28,1","94,7"
2026-06-24T22:39:16,8C:4F:00:FA:6A:B5,"28,1","94,8"
2026-06-24T22:40:16,8C:4F:00:FA:6A:B5,"28,1","94,8"
2026-06-24T22:41:16,8C:4F:00:FA:6A:B5,"28,1","94,7"
2026-06-24T22:42:16,8C:4F:00:FA:6A:B5,"28,1","94,7"
2026-06-24T22:43:16,8C:4F:00:FA:6A:B5,"28,1","94,7"
2026-06-24T22:44:16,8C:4F:00:FA:6A:B5,"28,1","94,7"
2026-06-24T22:45:16,8C:4F:00:FA:6A:B5,"28,1","94,7"
2026-06-24T22:46:16,8C:4F:00:FA:6A:B5,"28,1","94,7"
2026-06-24T22:47:16,8C:4F:00:FA:6A:B5,"28,1","94,7"
2026-06-24T22:48:16,8C:4F:00:FA:6A:B5,"28,1","94,7"
2026-06-24T22:49:16,8C:4F:00:FA:6A:B5,"28,1","94,6"
2026-06-24T22:50:16,8C:4F:00:FA:6A:B5,"28,1","94,6"
2026-06-24T22:51:16,8C:4F:00:FA:6A:B5,"28,1","94,6"
2026-06-24T22:52:16,8C:4F:00:FA:6A:B5,"28,1","94,6"
2026-06-24T22:53:16,8C:4F:00:FA:6A:B5,"28,1","94,6"
2026-06-24T22:54:16,8C:4F:00:FA:6A:B5,"28,1","94,6"
2026-06-24T22:55:16,8C:4F:00:FA:6A:B5,"28,1","94,5"
2026-06-24T22:56:16,8C:4F:00:FA:6A:B5,"28,1","94,5"
2026-06-24T22:57:16,8C:4F:00:FA:6A:B5,"28,1","94,5"
2026-06-24T22:58:16,8C:4F:00:FA:6A:B5,"28,1","94,5"
2026-06-24T22:59:16,8C:4F:00:FA:6A:B5,"28,1","94,5"
2026-06-24T23:00:16,8C:4F:00:FA:6A:B5,"28,1","94,5"
2026-06-24T23:01:16,8C:4F:00:FA:6A:B5,"28,1","94,4"
2026-06-24T23:02:16,8C:4F:00:FA:6A:B5,"28,1","94,5"
2026-06-24T23:03:16,8C:4F:00:FA:6A:B5,"28,1","94,5"
2026-06-24T23:04:16,8C:4F:00:FA:6A:B5,"28,1","94,5"
2026-06-24T23:05:16,8C:4F:00:FA:6A:B5,"28,1","94,5"
2026-06-24T23:06:16,8C:4F:00:FA:6A:B5,"28,1","94,5"
2026-06-24T23:07:16,8C:4F:00:FA:6A:B5,"28,1","94,5"
2026-06-24T23:08:16,8C:4F:00:FA:6A:B5,"28,1","94,1"
2026-06-24T23:09:16,8C:4F:00:FA:6A:B5,"28,1",94
2026-06-24T23:10:16,8C:4F:00:FA:6A:B5,"28,1","94,1"
2026-06-24T23:11:16,8C:4F:00:FA:6A:B5,"28,1","93,3"
2026-06-24T23:12:16,8C:4F:00:FA:6A:B5,"28,1","93,3"
2026-06-24T23:13:16,8C:4F:00:FA:6A:B5,28,"92,7"
2026-06-24T23:14:16,8C:4F:00:FA:6A:B5,"28,1","92,7"
2026-06-24T23:15:16,8C:4F:00:FA:6A:B5,28,"93,2"
2026-06-24T23:16:16,8C:4F:00:FA:6A:B5,28,"93,4"
2026-06-24T23:17:16,8C:4F:00:FA:6A:B5,"28,1","92,9"
2026-06-24T23:18:16,8C:4F:00:FA:6A:B5,28,"92,6"
2026-06-24T23:19:16,8C:4F:00:FA:6A:B5,28,92
2026-06-24T23:20:16,8C:4F:00:FA:6A:B5,28,"91,5"
2026-06-24T23:21:16,8C:4F:00:FA:6A:B5,28,"91,6"
2026-06-24T23:22:16,8C:4F:00:FA:6A:B5,28,91
2026-06-24T23:23:16,8C:4F:00:FA:6A:B5,28,"90,5"
2026-06-24T23:24:16,8C:4F:00:FA:6A:B5,28,"90,2"
2026-06-24T23:25:16,8C:4F:00:FA:6A:B5,28,"90,3"
2026-06-24T23:26:16,8C:4F:00:FA:6A:B5,28,90
2026-06-24T23:27:16,8C:4F:00:FA:6A:B5,28,"90,4"
2026-06-24T23:28:16,8C:4F:00:FA:6A:B5,28,"90,2"
2026-06-24T23:29:16,8C:4F:00:FA:6A:B5,28,90
2026-06-24T23:30:16,8C:4F:00:FA:6A:B5,28,"89,7"
2026-06-24T23:31:16,8C:4F:00:FA:6A:B5,28,"89,5"
2026-06-24T23:32:16,8C:4F:00:FA:6A:B5,28,"89,4"
2026-06-24T23:33:16,8C:4F:00:FA:6A:B5,28,"89,8"
2026-06-24T23:34:16,8C:4F:00:FA:6A:B5,28,"89,7"
2026-06-24T23:35:16,8C:4F:00:FA:6A:B5,28,"89,4"
2026-06-24T23:36:16,8C:4F:00:FA:6A:B5,28,"89,3"
2026-06-24T23:37:16,8C:4F:00:FA:6A:B5,28,"90,2"
2026-06-24T23:38:16,8C:4F:00:FA:6A:B5,28,"89,8"
2026-06-24T23:39:16,8C:4F:00:FA:6A:B5,28,"89,5"
2026-06-24T23:40:16,8C:4F:00:FA:6A:B5,28,"89,6"
2026-06-24T23:41:16,8C:4F:00:FA:6A:B5,28,"89,6"
2026-06-24T23:42:16,8C:4F:00:FA:6A:B5,28,"89,5"
2026-06-24T23:43:16,8C:4F:00:FA:6A:B5,28,89
2026-06-24T23:44:16,8C:4F:00:FA:6A:B5,28,"88,9"
2026-06-24T23:45:16,8C:4F:00:FA:6A:B5,28,89
2026-06-24T23:46:16,8C:4F:00:FA:6A:B5,28,89
2026-06-24T23:47:16,8C:4F:00:FA:6A:B5,28,"89,2"
2026-06-24T23:48:16,8C:4F:00:FA:6A:B5,28,"89,1"
2026-06-24T23:49:16,8C:4F:00:FA:6A:B5,28,"88,6"
2026-06-24T23:50:16,8C:4F:00:FA:6A:B5,28,"89,3"
2026-06-24T23:51:16,8C:4F:00:FA:6A:B5,28,"88,9"
2026-06-24T23:52:16,8C:4F:00:FA:6A:B5,28,"88,7"
2026-06-24T23:53:16,8C:4F:00:FA:6A:B5,28,"88,5"
2026-06-24T23:54:16,8C:4F:00:FA:6A:B5,28,"88,2"
2026-06-24T23:55:16,8C:4F:00:FA:6A:B5,28,"88,3"
2026-06-24T23:56:16,8C:4F:00:FA:6A:B5,28,"88,5"
2026-06-24T23:57:16,8C:4F:00:FA:6A:B5,28,88
2026-06-24T23:58:16,8C:4F:00:FA:6A:B5,28,"88,6"
2026-06-24T23:59:16,8C:4F:00:FA:6A:B5,28,"88,6"
2026-06-25T00:00:16,8C:4F:00:FA:6A:B5,"28,1","88,6"
2026-06-25T00:01:16,8C:4F:00:FA:6A:B5,28,"88,7"
2026-06-25T00:02:16,8C:4F:00:FA:6A:B5,"28,1","88,8"
2026-06-25T00:03:16,8C:4F:00:FA:6A:B5,"28,1","88,6"
2026-06-25T00:04:16,8C:4F:00:FA:6A:B5,28,"88,6"
2026-06-25T00:05:16,8C:4F:00:FA:6A:B5,"28,1","88,9"
2026-06-25T00:06:16,8C:4F:00:FA:6A:B5,"28,1","88,6"
2026-06-25T00:07:16,8C:4F:00:FA:6A:B5,"28,1","88,9"
2026-06-25T00:08:16,8C:4F:00:FA:6A:B5,"28,1","88,6"
2026-06-25T00:09:16,8C:4F:00:FA:6A:B5,"28,1","88,5"
2026-06-25T00:10:16,8C:4F:00:FA:6A:B5,"28,1","88,8"
2026-06-25T00:11:16,8C:4F:00:FA:6A:B5,"28,1","88,5"
2026-06-25T00:12:16,8C:4F:00:FA:6A:B5,"28,1","88,4"
2026-06-25T00:13:16,8C:4F:00:FA:6A:B5,"28,1","88,3"
2026-06-25T00:14:16,8C:4F:00:FA:6A:B5,"28,1","88,2"
2026-06-25T00:15:16,8C:4F:00:FA:6A:B5,"28,1","88,1"
2026-06-25T00:16:16,8C:4F:00:FA:6A:B5,"28,1","88,6"
2026-06-25T00:17:16,8C:4F:00:FA:6A:B5,"28,1","88,5"
2026-06-25T00:18:16,8C:4F:00:FA:6A:B5,"28,1","88,2"
2026-06-25T00:19:16,8C:4F:00:FA:6A:B5,"28,1","87,8"
2026-06-25T00:20:16,8C:4F:00:FA:6A:B5,"28,1",88
2026-06-25T00:21:16,8C:4F:00:FA:6A:B5,"28,1","87,7"
2026-06-25T00:22:16,8C:4F:00:FA:6A:B5,"28,1","88,1"
2026-06-25T00:23:16,8C:4F:00:FA:6A:B5,"28,1","88,1"
2026-06-25T00:24:16,8C:4F:00:FA:6A:B5,"28,1","87,8"
2026-06-25T00:25:16,8C:4F:00:FA:6A:B5,"28,1","88,5"
2026-06-25T00:26:16,8C:4F:00:FA:6A:B5,"28,1","88,4"
2026-06-25T00:27:16,8C:4F:00:FA:6A:B5,"28,1","88,2"
2026-06-25T00:28:16,8C:4F:00:FA:6A:B5,"28,1","88,1"
2026-06-25T00:29:16,8C:4F:00:FA:6A:B5,"28,1","88,1"
2026-06-25T00:30:16,8C:4F:00:FA:6A:B5,"28,1","87,7"
2026-06-25T00:31:16,8C:4F:00:FA:6A:B5,"28,1","87,8"
2026-06-25T00:32:16,8C:4F:00:FA:6A:B5,"28,1","88,1"
2026-06-25T00:33:16,8C:4F:00:FA:6A:B5,"28,1","88,7"
2026-06-25T00:34:16,8C:4F:00:FA:6A:B5,"28,1","88,7"
2026-06-25T00:35:16,8C:4F:00:FA:6A:B5,"28,1","88,3"
2026-06-25T00:36:16,8C:4F:00:FA:6A:B5,"28,1","88,5"
2026-06-25T00:37:16,8C:4F:00:FA:6A:B5,"28,1","88,2"
2026-06-25T00:38:16,8C:4F:00:FA:6A:B5,"28,1","88,3"
2026-06-25T00:39:16,8C:4F:00:FA:6A:B5,"28,1","88,1"
2026-06-25T00:40:16,8C:4F:00:FA:6A:B5,"28,1","88,2"
2026-06-25T00:41:16,8C:4F:00:FA:6A:B5,"28,2",88
2026-06-25T00:42:16,8C:4F:00:FA:6A:B5,"28,1","87,3"
2026-06-25T00:43:16,8C:4F:00:FA:6A:B5,"28,1","87,5"
2026-06-25T00:44:16,8C:4F:00:FA:6A:B5,"28,2","87,5"
2026-06-25T00:45:16,8C:4F:00:FA:6A:B5,"28,2","87,9"
2026-06-25T00:46:16,8C:4F:00:FA:6A:B5,"28,2","87,6"
2026-06-25T00:47:16,8C:4F:00:FA:6A:B5,"28,2","87,5"
2026-06-25T00:48:16,8C:4F:00:FA:6A:B5,"28,1","87,7"
2026-06-25T00:49:16,8C:4F:00:FA:6A:B5,"28,2","88,1"
2026-06-25T00:50:16,8C:4F:00:FA:6A:B5,"28,2",88
2026-06-25T00:51:16,8C:4F:00:FA:6A:B5,"28,2","87,9"
2026-06-25T00:52:16,8C:4F:00:FA:6A:B5,"28,2","87,9"
2026-06-25T00:53:16,8C:4F:00:FA:6A:B5,"28,2","87,9"
2026-06-25T00:54:16,8C:4F:00:FA:6A:B5,"28,2","87,6"
2026-06-25T00:55:16,8C:4F:00:FA:6A:B5,"28,2","87,7"
2026-06-25T00:56:16,8C:4F:00:FA:6A:B5,"28,2","87,8"
2026-06-25T00:57:16,8C:4F:00:FA:6A:B5,"28,2",88
2026-06-25T00:58:16,8C:4F:00:FA:6A:B5,"28,2","87,6"
2026-06-25T00:59:16,8C:4F:00:FA:6A:B5,"28,2","87,9"
2026-06-25T01:00:16,8C:4F:00:FA:6A:B5,"28,2",88
2026-06-25T01:01:16,8C:4F:00:FA:6A:B5,"28,2","88,2"
2026-06-25T01:02:16,8C:4F:00:FA:6A:B5,"28,2","87,8"
2026-06-25T01:03:16,8C:4F:00:FA:6A:B5,"28,2","87,5"
2026-06-25T01:04:16,8C:4F:00:FA:6A:B5,"28,2","87,8"
2026-06-25T01:05:16,8C:4F:00:FA:6A:B5,"28,2","87,7"
2026-06-25T01:06:16,8C:4F:00:FA:6A:B5,"28,2","87,6"
2026-06-25T01:07:16,8C:4F:00:FA:6A:B5,"28,2","87,7"
2026-06-25T01:08:16,8C:4F:00:FA:6A:B5,"28,2","87,9"
2026-06-25T01:09:16,8C:4F:00:FA:6A:B5,"28,2","87,8"
2026-06-25T01:10:16,8C:4F:00:FA:6A:B5,"28,2",88
2026-06-25T01:11:16,8C:4F:00:FA:6A:B5,"28,2","87,8"
2026-06-25T01:12:16,8C:4F:00:FA:6A:B5,"28,2","87,5"
2026-06-25T01:13:16,8C:4F:00:FA:6A:B5,"28,2","87,6"
2026-06-25T01:14:16,8C:4F:00:FA:6A:B5,"28,2","87,3"
2026-06-25T01:15:16,8C:4F:00:FA:6A:B5,"28,2","86,9"
2026-06-25T01:16:16,8C:4F:00:FA:6A:B5,"28,2","87,8"
2026-06-25T01:17:16,8C:4F:00:FA:6A:B5,"28,2","87,6"
2026-06-25T01:18:16,8C:4F:00:FA:6A:B5,"28,2","87,5"
2026-06-25T01:19:16,8C:4F:00:FA:6A:B5,"28,2","87,6"
2026-06-25T01:20:16,8C:4F:00:FA:6A:B5,"28,2","87,7"
2026-06-25T01:21:16,8C:4F:00:FA:6A:B5,"28,2","87,2"
2026-06-25T01:22:16,8C:4F:00:FA:6A:B5,"28,2","87,4"
2026-06-25T01:23:16,8C:4F:00:FA:6A:B5,"28,2","87,5"
2026-06-25T01:24:16,8C:4F:00:FA:6A:B5,"28,2","87,8"
2026-06-25T01:25:16,8C:4F:00:FA:6A:B5,"28,2","87,5"
2026-06-25T01:26:16,8C:4F:00:FA:6A:B5,"28,2","87,9"
2026-06-25T01:27:16,8C:4F:00:FA:6A:B5,"28,2","87,8"
2026-06-25T01:28:16,8C:4F:00:FA:6A:B5,"28,2","87,5"
2026-06-25T01:29:16,8C:4F:00:FA:6A:B5,"28,2","87,3"
2026-06-25T01:30:16,8C:4F:00:FA:6A:B5,"28,2","87,7"
2026-06-25T01:31:16,8C:4F:00:FA:6A:B5,"28,2","87,3"
2026-06-25T01:32:16,8C:4F:00:FA:6A:B5,"28,3",88
2026-06-25T01:33:16,8C:4F:00:FA:6A:B5,"28,2","87,5"
2026-06-25T01:34:16,8C:4F:00:FA:6A:B5,"28,2","87,9"
2026-06-25T01:35:16,8C:4F:00:FA:6A:B5,"28,2","87,8"
2026-06-25T01:36:16,8C:4F:00:FA:6A:B5,"28,3","87,8"
2026-06-25T01:37:16,8C:4F:00:FA:6A:B5,"28,2","87,9"
2026-06-25T01:38:16,8C:4F:00:FA:6A:B5,"28,2","87,8"
2026-06-25T01:39:16,8C:4F:00:FA:6A:B5,"28,2","88,1"
2026-06-25T01:40:16,8C:4F:00:FA:6A:B5,"28,2","87,8"
2026-06-25T01:41:16,8C:4F:00:FA:6A:B5,"28,3","87,9"
2026-06-25T01:42:16,8C:4F:00:FA:6A:B5,"28,3","88,2"
2026-06-25T01:43:16,8C:4F:00:FA:6A:B5,"28,3","88,3"
2026-06-25T01:44:16,8C:4F:00:FA:6A:B5,"28,3",88
2026-06-25T01:45:16,8C:4F:00:FA:6A:B5,"28,2","87,8"
2026-06-25T01:46:16,8C:4F:00:FA:6A:B5,"28,3","87,7"
2026-06-25T01:47:16,8C:4F:00:FA:6A:B5,"28,3","87,8"
2026-06-25T01:48:16,8C:4F:00:FA:6A:B5,"28,3","87,1"
2026-06-25T01:49:16,8C:4F:00:FA:6A:B5,"28,3","87,2"
2026-06-25T01:50:16,8C:4F:00:FA:6A:B5,"28,3","86,8"
2026-06-25T01:51:16,8C:4F:00:FA:6A:B5,"28,3","87,7"
2026-06-25T01:52:16,8C:4F:00:FA:6A:B5,"28,2",88
2026-06-25T01:53:16,8C:4F:00:FA:6A:B5,"28,3","87,9"
2026-06-25T01:54:16,8C:4F:00:FA:6A:B5,"28,2","86,9"
2026-06-25T01:55:16,8C:4F:00:FA:6A:B5,"28,3","87,3"
2026-06-25T01:56:16,8C:4F:00:FA:6A:B5,"28,3","87,6"
2026-06-25T01:57:16,8C:4F:00:FA:6A:B5,"28,3","87,3"
2026-06-25T01:58:16,8C:4F:00:FA:6A:B5,"28,3","87,7"
2026-06-25T01:59:16,8C:4F:00:FA:6A:B5,"28,3","87,1"
2026-06-25T02:00:16,8C:4F:00:FA:6A:B5,"28,3","87,3"
2026-06-25T02:01:16,8C:4F:00:FA:6A:B5,"28,3","86,9"
2026-06-25T02:02:16,8C:4F:00:FA:6A:B5,"28,3",87
2026-06-25T02:03:16,8C:4F:00:FA:6A:B5,"28,3","87,1"
2026-06-25T02:04:16,8C:4F:00:FA:6A:B5,"28,3","86,8"
2026-06-25T02:05:16,8C:4F:00:FA:6A:B5,"28,3","87,4"
2026-06-25T02:06:16,8C:4F:00:FA:6A:B5,"28,3","87,2"
2026-06-25T02:07:16,8C:4F:00:FA:6A:B5,"28,3","87,3"
2026-06-25T02:08:16,8C:4F:00:FA:6A:B5,"28,3","87,6"
2026-06-25T02:09:16,8C:4F:00:FA:6A:B5,"28,3","86,9"
2026-06-25T02:10:16,8C:4F:00:FA:6A:B5,"28,3","87,4"
2026-06-25T02:11:16,8C:4F:00:FA:6A:B5,"28,3","87,5"
2026-06-25T02:12:16,8C:4F:00:FA:6A:B5,"28,3","87,2"
2026-06-25T02:13:16,8C:4F:00:FA:6A:B5,"28,3","87,5"
2026-06-25T02:14:16,8C:4F:00:FA:6A:B5,"28,3","87,7"
2026-06-25T02:15:16,8C:4F:00:FA:6A:B5,"28,3","88,1"
2026-06-25T02:16:16,8C:4F:00:FA:6A:B5,"28,3","87,4"
2026-06-25T02:17:16,8C:4F:00:FA:6A:B5,"28,3","87,1"
2026-06-25T02:18:16,8C:4F:00:FA:6A:B5,"28,3","87,2"
2026-06-25T02:19:16,8C:4F:00:FA:6A:B5,"28,3","87,6"
2026-06-25T02:20:16,8C:4F:00:FA:6A:B5,"28,3","86,9"
2026-06-25T02:21:16,8C:4F:00:FA:6A:B5,"28,3","87,1"
2026-06-25T02:22:16,8C:4F:00:FA:6A:B5,"28,3","87,1"
2026-06-25T02:23:16,8C:4F:00:FA:6A:B5,"28,3","87,1"
2026-06-25T02:24:16,8C:4F:00:FA:6A:B5,"28,3","86,5"
2026-06-25T02:25:16,8C:4F:00:FA:6A:B5,"28,3","86,9"
2026-06-25T02:26:16,8C:4F:00:FA:6A:B5,"28,3","86,5"
2026-06-25T02:27:16,8C:4F:00:FA:6A:B5,"28,3","87,4"
2026-06-25T02:28:16,8C:4F:00:FA:6A:B5,"28,3",87
2026-06-25T02:29:16,8C:4F:00:FA:6A:B5,"28,3","86,7"
2026-06-25T02:30:16,8C:4F:00:FA:6A:B5,"28,3","87,4"
2026-06-25T02:31:16,8C:4F:00:FA:6A:B5,"28,3","87,1"
2026-06-25T02:32:16,8C:4F:00:FA:6A:B5,"28,3","87,7"
2026-06-25T02:33:16,8C:4F:00:FA:6A:B5,"28,3",87
2026-06-25T02:34:16,8C:4F:00:FA:6A:B5,"28,3","86,9"
2026-06-25T02:35:16,8C:4F:00:FA:6A:B5,"28,3","86,9"
2026-06-25T02:36:16,8C:4F:00:FA:6A:B5,"28,3","86,7"
2026-06-25T02:37:16,8C:4F:00:FA:6A:B5,"28,3",87
2026-06-25T02:38:16,8C:4F:00:FA:6A:B5,"28,3",87
2026-06-25T02:39:16,8C:4F:00:FA:6A:B5,"28,3","87,1"
2026-06-25T02:40:16,8C:4F:00:FA:6A:B5,"28,3","87,2"
2026-06-25T02:41:16,8C:4F:00:FA:6A:B5,"28,3","86,7"
2026-06-25T02:42:16,8C:4F:00:FA:6A:B5,"28,3","87,2"
2026-06-25T02:43:16,8C:4F:00:FA:6A:B5,"28,3","87,2"
2026-06-25T02:44:16,8C:4F:00:FA:6A:B5,"28,3","87,1"
2026-06-25T02:45:16,8C:4F:00:FA:6A:B5,"28,3",88
2026-06-25T02:46:16,8C:4F:00:FA:6A:B5,"28,3","87,2"
2026-06-25T02:47:16,8C:4F:00:FA:6A:B5,"28,3","87,4"
2026-06-25T02:48:16,8C:4F:00:FA:6A:B5,"28,3","87,4"
2026-06-25T02:49:16,8C:4F:00:FA:6A:B5,"28,3","86,6"
2026-06-25T02:50:16,8C:4F:00:FA:6A:B5,"28,3","87,1"
2026-06-25T02:51:16,8C:4F:00:FA:6A:B5,"28,3","86,5"
2026-06-25T02:52:16,8C:4F:00:FA:6A:B5,"28,4","86,8"
2026-06-25T02:53:16,8C:4F:00:FA:6A:B5,"28,3","87,2"
2026-06-25T02:54:16,8C:4F:00:FA:6A:B5,"28,4","87,3"
2026-06-25T02:55:16,8C:4F:00:FA:6A:B5,"28,4",87
2026-06-25T02:56:16,8C:4F:00:FA:6A:B5,"28,3","87,1"
2026-06-25T02:57:16,8C:4F:00:FA:6A:B5,"28,4","87,8"
2026-06-25T02:58:16,8C:4F:00:FA:6A:B5,"28,4","86,9"
2026-06-25T02:59:16,8C:4F:00:FA:6A:B5,"28,3",87
2026-06-25T03:00:16,8C:4F:00:FA:6A:B5,"28,4","87,1"
2026-06-25T03:01:16,8C:4F:00:FA:6A:B5,"28,4","86,8"
2026-06-25T03:02:16,8C:4F:00:FA:6A:B5,"28,4","87,2"
2026-06-25T03:03:16,8C:4F:00:FA:6A:B5,"28,4","86,3"
2026-06-25T03:04:16,8C:4F:00:FA:6A:B5,"28,4","86,7"
2026-06-25T03:05:16,8C:4F:00:FA:6A:B5,"28,4",87
2026-06-25T03:06:16,8C:4F:00:FA:6A:B5,"28,4","87,3"
2026-06-25T03:07:16,8C:4F:00:FA:6A:B5,"28,4","86,7"
2026-06-25T03:08:16,8C:4F:00:FA:6A:B5,"28,4","87,1"
2026-06-25T03:09:16,8C:4F:00:FA:6A:B5,"28,4","87,1"
2026-06-25T03:10:16,8C:4F:00:FA:6A:B5,"28,4","86,7"
2026-06-25T03:11:16,8C:4F:00:FA:6A:B5,"28,4","86,4"
2026-06-25T03:12:16,8C:4F:00:FA:6A:B5,"28,4","86,8"
2026-06-25T03:13:16,8C:4F:00:FA:6A:B5,"28,4","86,6"
2026-06-25T03:14:16,8C:4F:00:FA:6A:B5,"28,4","86,7"
2026-06-25T03:15:16,8C:4F:00:FA:6A:B5,"28,4","86,7"
2026-06-25T03:16:16,8C:4F:00:FA:6A:B5,"28,4","86,1"
2026-06-25T03:17:16,8C:4F:00:FA:6A:B5,"28,4",87
2026-06-25T03:18:16,8C:4F:00:FA:6A:B5,"28,3","86,9"
2026-06-25T03:19:16,8C:4F:00:FA:6A:B5,"28,4",87
2026-06-25T03:20:16,8C:4F:00:FA:6A:B5,"28,4","86,7"
2026-06-25T03:21:16,8C:4F:00:FA:6A:B5,"28,4","86,7"
2026-06-25T03:22:16,8C:4F:00:FA:6A:B5,"28,4",87
2026-06-25T03:23:16,8C:4F:00:FA:6A:B5,"28,4","86,6"
2026-06-25T03:24:16,8C:4F:00:FA:6A:B5,"28,4","87,1"
2026-06-25T03:25:16,8C:4F:00:FA:6A:B5,"28,4","86,5"
2026-06-25T03:26:16,8C:4F:00:FA:6A:B5,"28,4","86,7"
2026-06-25T03:27:16,8C:4F:00:FA:6A:B5,"28,4","86,6"
2026-06-25T03:28:16,8C:4F:00:FA:6A:B5,"28,4","86,9"
2026-06-25T03:29:16,8C:4F:00:FA:6A:B5,"28,4","86,7"
2026-06-25T03:30:16,8C:4F:00:FA:6A:B5,"28,4","87,2"
2026-06-25T03:31:16,8C:4F:00:FA:6A:B5,"28,4","87,6"
2026-06-25T03:32:16,8C:4F:00:FA:6A:B5,"28,4",87
2026-06-25T03:33:16,8C:4F:00:FA:6A:B5,"28,4","86,9"
2026-06-25T03:34:16,8C:4F:00:FA:6A:B5,"28,4","86,7"
2026-06-25T03:35:16,8C:4F:00:FA:6A:B5,"28,4","86,4"
2026-06-25T03:36:16,8C:4F:00:FA:6A:B5,"28,4","87,2"
2026-06-25T03:37:16,8C:4F:00:FA:6A:B5,"28,4","87,4"
2026-06-25T03:38:16,8C:4F:00:FA:6A:B5,"28,4","87,7"
2026-06-25T03:39:16,8C:4F:00:FA:6A:B5,"28,4","87,1"
2026-06-25T03:40:16,8C:4F:00:FA:6A:B5,"28,4","86,8"
2026-06-25T03:41:16,8C:4F:00:FA:6A:B5,"28,4",87
2026-06-25T03:42:16,8C:4F:00:FA:6A:B5,"28,4","87,4"
2026-06-25T03:43:16,8C:4F:00:FA:6A:B5,"28,4","86,9"
2026-06-25T03:44:16,8C:4F:00:FA:6A:B5,"28,4","87,3"
2026-06-25T03:45:16,8C:4F:00:FA:6A:B5,"28,4","86,4"
2026-06-25T03:46:16,8C:4F:00:FA:6A:B5,"28,4","87,2"
2026-06-25T03:47:16,8C:4F:00:FA:6A:B5,"28,4","87,1"
2026-06-25T03:48:16,8C:4F:00:FA:6A:B5,"28,4","87,6"
2026-06-25T03:49:16,8C:4F:00:FA:6A:B5,"28,4","87,4"
2026-06-25T03:50:16,8C:4F:00:FA:6A:B5,"28,4","87,8"
2026-06-25T03:51:16,8C:4F:00:FA:6A:B5,"28,4","87,8"
2026-06-25T03:52:16,8C:4F:00:FA:6A:B5,"28,4","87,2"
2026-06-25T03:53:16,8C:4F:00:FA:6A:B5,"28,4","87,9"
2026-06-25T03:54:16,8C:4F:00:FA:6A:B5,"28,4","87,7"
2026-06-25T03:55:16,8C:4F:00:FA:6A:B5,"28,4",88
2026-06-25T03:56:16,8C:4F:00:FA:6A:B5,"28,4","87,8"
2026-06-25T03:57:16,8C:4F:00:FA:6A:B5,"28,5",87
2026-06-25T03:58:16,8C:4F:00:FA:6A:B5,"28,4","87,1"
2026-06-25T03:59:16,8C:4F:00:FA:6A:B5,"28,4","87,1"
2026-06-25T04:00:16,8C:4F:00:FA:6A:B5,"28,4","86,5"
2026-06-25T04:01:16,8C:4F:00:FA:6A:B5,"28,4","87,3"
2026-06-25T04:02:16,8C:4F:00:FA:6A:B5,"28,4","87,5"
2026-06-25T04:03:16,8C:4F:00:FA:6A:B5,"28,5","87,2"
2026-06-25T04:04:16,8C:4F:00:FA:6A:B5,"28,5","87,3"
2026-06-25T04:05:16,8C:4F:00:FA:6A:B5,"28,5","87,5"
2026-06-25T04:06:16,8C:4F:00:FA:6A:B5,"28,4","87,3"
2026-06-25T04:07:16,8C:4F:00:FA:6A:B5,"28,4","87,2"
2026-06-25T04:08:16,8C:4F:00:FA:6A:B5,"28,5","87,6"
2026-06-25T04:09:16,8C:4F:00:FA:6A:B5,"28,5","87,7"
2026-06-25T04:10:16,8C:4F:00:FA:6A:B5,"28,4","87,9"
2026-06-25T04:11:16,8C:4F:00:FA:6A:B5,"28,5","87,2"
2026-06-25T04:12:16,8C:4F:00:FA:6A:B5,"28,5","87,6"
2026-06-25T04:13:16,8C:4F:00:FA:6A:B5,"28,5","88,1"
2026-06-25T04:14:16,8C:4F:00:FA:6A:B5,"28,5","87,9"
2026-06-25T04:15:16,8C:4F:00:FA:6A:B5,"28,5",88
2026-06-25T04:16:16,8C:4F:00:FA:6A:B5,"28,5","87,8"
2026-06-25T04:17:16,8C:4F:00:FA:6A:B5,"28,5","86,8"
2026-06-25T04:18:16,8C:4F:00:FA:6A:B5,"28,5","87,4"
2026-06-25T04:19:16,8C:4F:00:FA:6A:B5,"28,5","87,4"
2026-06-25T04:20:16,8C:4F:00:FA:6A:B5,"28,4","87,3"
2026-06-25T04:21:16,8C:4F:00:FA:6A:B5,"28,5","87,4"
2026-06-25T04:22:16,8C:4F:00:FA:6A:B5,"28,5","87,4"
2026-06-25T04:23:16,8C:4F:00:FA:6A:B5,"28,5","87,4"
2026-06-25T04:24:16,8C:4F:00:FA:6A:B5,"28,5","87,3"
2026-06-25T04:25:16,8C:4F:00:FA:6A:B5,"28,5","87,6"
2026-06-25T04:26:16,8C:4F:00:FA:6A:B5,"28,5","87,6"
2026-06-25T04:27:16,8C:4F:00:FA:6A:B5,"28,5","87,4"
2026-06-25T04:28:16,8C:4F:00:FA:6A:B5,"28,5","86,7"
2026-06-25T04:29:16,8C:4F:00:FA:6A:B5,"28,5","86,6"
2026-06-25T04:30:16,8C:4F:00:FA:6A:B5,"28,5","86,8"
2026-06-25T04:31:16,8C:4F:00:FA:6A:B5,"28,5","87,2"
2026-06-25T04:32:16,8C:4F:00:FA:6A:B5,"28,5","87,4"
2026-06-25T04:33:16,8C:4F:00:FA:6A:B5,"28,5","87,5"
2026-06-25T04:34:16,8C:4F:00:FA:6A:B5,"28,5","87,6"
2026-06-25T04:35:16,8C:4F:00:FA:6A:B5,"28,5","87,1"
2026-06-25T04:36:16,8C:4F:00:FA:6A:B5,"28,5","87,4"
2026-06-25T04:37:16,8C:4F:00:FA:6A:B5,"28,5","86,9"
2026-06-25T04:38:16,8C:4F:00:FA:6A:B5,"28,5","87,1"
2026-06-25T04:39:16,8C:4F:00:FA:6A:B5,"28,5","87,3"
2026-06-25T04:40:16,8C:4F:00:FA:6A:B5,"28,5","87,2"
2026-06-25T04:41:16,8C:4F:00:FA:6A:B5,"28,5","87,3"
2026-06-25T04:42:16,8C:4F:00:FA:6A:B5,"28,5","87,2"
2026-06-25T04:43:16,8C:4F:00:FA:6A:B5,"28,5","87,7"
2026-06-25T04:44:16,8C:4F:00:FA:6A:B5,"28,5","87,5"
2026-06-25T04:45:16,8C:4F:00:FA:6A:B5,"28,5","87,1"
2026-06-25T04:46:16,8C:4F:00:FA:6A:B5,"28,5","86,7"
2026-06-25T04:47:16,8C:4F:00:FA:6A:B5,"28,5","87,4"
2026-06-25T04:48:16,8C:4F:00:FA:6A:B5,"28,5","87,4"
2026-06-25T04:49:16,8C:4F:00:FA:6A:B5,"28,5","86,5"
2026-06-25T04:50:16,8C:4F:00:FA:6A:B5,"28,5",87
2026-06-25T04:51:16,8C:4F:00:FA:6A:B5,"28,5","86,9"
2026-06-25T04:52:16,8C:4F:00:FA:6A:B5,"28,5","86,9"
2026-06-25T04:53:16,8C:4F:00:FA:6A:B5,"28,5","87,5"
2026-06-25T04:54:16,8C:4F:00:FA:6A:B5,"28,5","87,3"
2026-06-25T04:55:16,8C:4F:00:FA:6A:B5,"28,5","87,4"
2026-06-25T04:56:16,8C:4F:00:FA:6A:B5,"28,5",87
2026-06-25T04:57:16,8C:4F:00:FA:6A:B5,"28,5","87,2"
2026-06-25T04:58:16,8C:4F:00:FA:6A:B5,"28,5","87,9"
2026-06-25T04:59:16,8C:4F:00:FA:6A:B5,"28,5","87,2"
2026-06-25T05:00:16,8C:4F:00:FA:6A:B5,"28,5","86,8"
2026-06-25T05:01:16,8C:4F:00:FA:6A:B5,"28,5","86,8"
2026-06-25T05:02:16,8C:4F:00:FA:6A:B5,"28,5","86,9"
2026-06-25T05:03:16,8C:4F:00:FA:6A:B5,"28,5",87
2026-06-25T05:04:16,8C:4F:00:FA:6A:B5,"28,5","86,8"
2026-06-25T05:05:16,8C:4F:00:FA:6A:B5,"28,5","87,5"
2026-06-25T05:06:16,8C:4F:00:FA:6A:B5,"28,5","87,2"
2026-06-25T05:07:16,8C:4F:00:FA:6A:B5,"28,5","87,1"
2026-06-25T05:08:16,8C:4F:00:FA:6A:B5,"28,5","87,4"
2026-06-25T05:09:16,8C:4F:00:FA:6A:B5,"28,5","86,8"
2026-06-25T05:10:16,8C:4F:00:FA:6A:B5,"28,5","87,1"
2026-06-25T05:11:16,8C:4F:00:FA:6A:B5,"28,5","87,7"
2026-06-25T05:12:16,8C:4F:00:FA:6A:B5,"28,5","87,2"
2026-06-25T05:13:16,8C:4F:00:FA:6A:B5,"28,5",87
2026-06-25T05:14:16,8C:4F:00:FA:6A:B5,"28,5","87,4"
2026-06-25T05:15:16,8C:4F:00:FA:6A:B5,"28,5","87,4"
2026-06-25T05:16:16,8C:4F:00:FA:6A:B5,"28,5","87,4"
2026-06-25T05:17:16,8C:4F:00:FA:6A:B5,"28,5","86,6"
2026-06-25T05:18:16,8C:4F:00:FA:6A:B5,"28,5","87,2"
2026-06-25T05:19:16,8C:4F:00:FA:6A:B5,"28,5","87,4"
2026-06-25T05:20:16,8C:4F:00:FA:6A:B5,"28,5","87,2"
2026-06-25T05:21:16,8C:4F:00:FA:6A:B5,"28,5","87,5"
2026-06-25T05:22:16,8C:4F:00:FA:6A:B5,"28,5",87
2026-06-25T05:23:16,8C:4F:00:FA:6A:B5,"28,5","87,4"
2026-06-25T05:24:16,8C:4F:00:FA:6A:B5,"28,5","87,4"
2026-06-25T05:25:16,8C:4F:00:FA:6A:B5,"28,6","87,7"
2026-06-25T05:26:16,8C:4F:00:FA:6A:B5,"28,5","87,3"
2026-06-25T05:27:16,8C:4F:00:FA:6A:B5,"28,5","87,7"
2026-06-25T05:28:16,8C:4F:00:FA:6A:B5,"28,5","87,4"
2026-06-25T05:29:16,8C:4F:00:FA:6A:B5,"28,6","87,7"
2026-06-25T05:30:16,8C:4F:00:FA:6A:B5,"28,5","87,9"
2026-06-25T05:31:16,8C:4F:00:FA:6A:B5,"28,5","87,3"
2026-06-25T05:32:16,8C:4F:00:FA:6A:B5,"28,5","87,7"
2026-06-25T05:33:16,8C:4F:00:FA:6A:B5,"28,5","87,1"
2026-06-25T05:34:16,8C:4F:00:FA:6A:B5,"28,5","87,6"
2026-06-25T05:35:16,8C:4F:00:FA:6A:B5,"28,5","86,5"
2026-06-25T05:36:16,8C:4F:00:FA:6A:B5,"28,5","87,3"
2026-06-25T05:37:16,8C:4F:00:FA:6A:B5,"28,5","86,5"
2026-06-25T05:38:16,8C:4F:00:FA:6A:B5,"28,5","86,8"
2026-06-25T05:39:16,8C:4F:00:FA:6A:B5,"28,5","86,6"
2026-06-25T05:40:16,8C:4F:00:FA:6A:B5,"28,6","86,7"
2026-06-25T05:41:16,8C:4F:00:FA:6A:B5,"28,5",87
2026-06-25T05:42:16,8C:4F:00:FA:6A:B5,"28,6","86,7"
2026-06-25T05:43:16,8C:4F:00:FA:6A:B5,"28,5",86
2026-06-25T05:44:16,8C:4F:00:FA:6A:B5,"28,5",86
2026-06-25T05:45:16,8C:4F:00:FA:6A:B5,"28,6","86,6"
2026-06-25T05:46:16,8C:4F:00:FA:6A:B5,"28,5","86,6"
2026-06-25T05:47:16,8C:4F:00:FA:6A:B5,"28,5",87
2026-06-25T05:48:16,8C:4F:00:FA:6A:B5,"28,6","87,1"
2026-06-25T05:49:16,8C:4F:00:FA:6A:B5,"28,5","86,9"
2026-06-25T05:50:16,8C:4F:00:FA:6A:B5,"28,6","86,5"
2026-06-25T05:51:16,8C:4F:00:FA:6A:B5,"28,5","86,9"
2026-06-25T05:52:16,8C:4F:00:FA:6A:B5,"28,6","87,3"
2026-06-25T05:53:16,8C:4F:00:FA:6A:B5,"28,6","87,5"
2026-06-25T05:54:16,8C:4F:00:FA:6A:B5,"28,6","87,1"
2026-06-25T05:55:16,8C:4F:00:FA:6A:B5,"28,6","87,3"
2026-06-25T05:56:16,8C:4F:00:FA:6A:B5,"28,6","86,8"
2026-06-25T05:57:16,8C:4F:00:FA:6A:B5,"28,6","87,1"
2026-06-25T05:58:16,8C:4F:00:FA:6A:B5,"28,6","87,3"
2026-06-25T05:59:16,8C:4F:00:FA:6A:B5,"28,6","87,4"
2026-06-25T06:00:16,8C:4F:00:FA:6A:B5,"28,6","87,5"
2026-06-25T06:01:16,8C:4F:00:FA:6A:B5,"28,6","87,4"
2026-06-25T06:02:16,8C:4F:00:FA:6A:B5,"28,6","87,5"
2026-06-25T06:03:16,8C:4F:00:FA:6A:B5,"28,6","87,2"
2026-06-25T06:04:16,8C:4F:00:FA:6A:B5,"28,6","87,4"
2026-06-25T06:05:16,8C:4F:00:FA:6A:B5,"28,6","87,4"
2026-06-25T06:06:16,8C:4F:00:FA:6A:B5,"28,6","87,9"
2026-06-25T06:07:16,8C:4F:00:FA:6A:B5,"28,6","87,7"
2026-06-25T06:08:16,8C:4F:00:FA:6A:B5,"28,6","87,5"
2026-06-25T06:09:16,8C:4F:00:FA:6A:B5,"28,6","87,9"
2026-06-25T06:10:16,8C:4F:00:FA:6A:B5,"28,6","87,9"
2026-06-25T06:11:16,8C:4F:00:FA:6A:B5,"28,6","87,4"
2026-06-25T06:12:16,8C:4F:00:FA:6A:B5,"28,6","87,7"
2026-06-25T06:13:16,8C:4F:00:FA:6A:B5,"28,6","87,9"
2026-06-25T06:14:16,8C:4F:00:FA:6A:B5,"28,6","87,3"
2026-06-25T06:15:16,8C:4F:00:FA:6A:B5,"28,6","87,1"
2026-06-25T06:16:16,8C:4F:00:FA:6A:B5,"28,6","87,6"
2026-06-25T06:17:16,8C:4F:00:FA:6A:B5,"28,6","87,2"
2026-06-25T06:18:16,8C:4F:00:FA:6A:B5,"28,6","87,7"
2026-06-25T06:19:16,8C:4F:00:FA:6A:B5,"28,6","87,2"
2026-06-25T06:20:16,8C:4F:00:FA:6A:B5,"28,6","87,5"
2026-06-25T06:21:16,8C:4F:00:FA:6A:B5,"28,6","87,4"
2026-06-25T06:22:16,8C:4F:00:FA:6A:B5,"28,6","88,2"
2026-06-25T06:23:16,8C:4F:00:FA:6A:B5,"28,6",88
2026-06-25T06:24:16,8C:4F:00:FA:6A:B5,"28,6","87,3"
2026-06-25T06:25:16,8C:4F:00:FA:6A:B5,"28,6","87,4"
2026-06-25T06:26:16,8C:4F:00:FA:6A:B5,"28,6","87,1"
2026-06-25T06:27:16,8C:4F:00:FA:6A:B5,"28,6",87
2026-06-25T06:28:16,8C:4F:00:FA:6A:B5,"28,6","86,7"
2026-06-25T06:29:16,8C:4F:00:FA:6A:B5,"28,6","86,5"
2026-06-25T06:30:16,8C:4F:00:FA:6A:B5,"28,6","86,9"
2026-06-25T06:31:16,8C:4F:00:FA:6A:B5,"28,6",87
2026-06-25T06:32:16,8C:4F:00:FA:6A:B5,"28,6","87,1"
2026-06-25T06:33:16,8C:4F:00:FA:6A:B5,"28,6","87,4"
2026-06-25T06:34:16,8C:4F:00:FA:6A:B5,"28,6","87,2"
2026-06-25T06:35:16,8C:4F:00:FA:6A:B5,"28,6","87,1"
2026-06-25T06:36:16,8C:4F:00:FA:6A:B5,"28,6","86,6"
2026-06-25T06:37:16,8C:4F:00:FA:6A:B5,"28,6","86,9"
2026-06-25T06:38:16,8C:4F:00:FA:6A:B5,"28,6","86,9"
2026-06-25T06:39:16,8C:4F:00:FA:6A:B5,"28,6",87
2026-06-25T06:40:16,8C:4F:00:FA:6A:B5,"28,6","86,4"
2026-06-25T06:41:16,8C:4F:00:FA:6A:B5,"28,6","86,7"
2026-06-25T06:42:16,8C:4F:00:FA:6A:B5,"28,6","86,6"
2026-06-25T06:43:16,8C:4F:00:FA:6A:B5,"28,6","87,4"
2026-06-25T06:44:16,8C:4F:00:FA:6A:B5,"28,6","87,1"
2026-06-25T06:45:16,8C:4F:00:FA:6A:B5,"28,6","87,1"
2026-06-25T06:46:16,8C:4F:00:FA:6A:B5,"28,6","87,1"
2026-06-25T06:47:16,8C:4F:00:FA:6A:B5,"28,6","87,1"
2026-06-25T06:48:16,8C:4F:00:FA:6A:B5,"28,6","87,3"
2026-06-25T06:49:16,8C:4F:00:FA:6A:B5,"28,6","87,5"
2026-06-25T06:50:16,8C:4F:00:FA:6A:B5,"28,6","87,2"
2026-06-25T06:51:16,8C:4F:00:FA:6A:B5,"28,6","86,8"
2026-06-25T06:52:16,8C:4F:00:FA:6A:B5,"28,6","87,4"
2026-06-25T06:53:16,8C:4F:00:FA:6A:B5,"28,6","86,9"
2026-06-25T06:54:16,8C:4F:00:FA:6A:B5,"28,6",87
2026-06-25T06:55:16,8C:4F:00:FA:6A:B5,"28,6","86,2"
2026-06-25T06:56:16,8C:4F:00:FA:6A:B5,"28,6","86,6"
2026-06-25T06:57:16,8C:4F:00:FA:6A:B5,"28,6","86,7"
2026-06-25T06:58:16,8C:4F:00:FA:6A:B5,"28,6","86,3"
2026-06-25T06:59:16,8C:4F:00:FA:6A:B5,"28,6","86,6"
2026-06-25T07:00:16,8C:4F:00:FA:6A:B5,"28,6","86,9"
2026-06-25T07:01:16,8C:4F:00:FA:6A:B5,"28,6","86,5"
2026-06-25T07:02:16,8C:4F:00:FA:6A:B5,"28,6","86,5"
2026-06-25T07:03:16,8C:4F:00:FA:6A:B5,"28,6","86,6"
2026-06-25T07:04:16,8C:4F:00:FA:6A:B5,"28,6","85,8"
2026-06-25T07:05:16,8C:4F:00:FA:6A:B5,"28,6","86,8"
2026-06-25T07:06:16,8C:4F:00:FA:6A:B5,"28,6","87,3"
2026-06-25T07:07:16,8C:4F:00:FA:6A:B5,"28,6","86,7"
2026-06-25T07:08:16,8C:4F:00:FA:6A:B5,"28,7","87,2"
2026-06-25T07:09:16,8C:4F:00:FA:6A:B5,"28,7","87,1"
2026-06-25T07:10:16,8C:4F:00:FA:6A:B5,"28,6","86,8"
2026-06-25T07:11:16,8C:4F:00:FA:6A:B5,"28,6","87,1"
2026-06-25T07:12:16,8C:4F:00:FA:6A:B5,"28,7",87
2026-06-25T07:13:16,8C:4F:00:FA:6A:B5,"28,7","87,1"
2026-06-25T07:14:16,8C:4F:00:FA:6A:B5,"28,6",87
2026-06-25T07:15:16,8C:4F:00:FA:6A:B5,"28,6","87,5"
2026-06-25T07:16:16,8C:4F:00:FA:6A:B5,"28,6","87,8"
2026-06-25T07:17:16,8C:4F:00:FA:6A:B5,"28,6","87,7"
2026-06-25T07:18:16,8C:4F:00:FA:6A:B5,"28,7","87,6"
2026-06-25T07:19:16,8C:4F:00:FA:6A:B5,"28,7","87,5"
2026-06-25T07:20:16,8C:4F:00:FA:6A:B5,"28,6","87,1"
2026-06-25T07:21:16,8C:4F:00:FA:6A:B5,"28,6","87,8"
2026-06-25T07:22:16,8C:4F:00:FA:6A:B5,"28,6","87,1"
2026-06-25T07:23:16,8C:4F:00:FA:6A:B5,"28,6","86,4"
2026-06-25T07:24:16,8C:4F:00:FA:6A:B5,"28,6","87,2"
2026-06-25T07:25:16,8C:4F:00:FA:6A:B5,"28,7","87,7"
2026-06-25T07:26:16,8C:4F:00:FA:6A:B5,"28,6","87,8"
2026-06-25T07:27:16,8C:4F:00:FA:6A:B5,"28,6","87,7"
2026-06-25T07:28:16,8C:4F:00:FA:6A:B5,"28,7","87,3"
2026-06-25T07:29:16,8C:4F:00:FA:6A:B5,"28,7","87,5"
2026-06-25T07:30:16,8C:4F:00:FA:6A:B5,"28,7","87,4"
2026-06-25T07:31:16,8C:4F:00:FA:6A:B5,"28,6","87,6"
2026-06-25T07:32:16,8C:4F:00:FA:6A:B5,"28,7","87,6"
2026-06-25T07:33:16,8C:4F:00:FA:6A:B5,"28,7","87,1"
2026-06-25T07:34:16,8C:4F:00:FA:6A:B5,"28,6","87,2"
2026-06-25T07:35:16,8C:4F:00:FA:6A:B5,"28,7","86,6"
2026-06-25T07:36:16,8C:4F:00:FA:6A:B5,"28,7","86,8"
2026-06-25T07:37:16,8C:4F:00:FA:6A:B5,"28,7","87,3"
2026-06-25T07:38:16,8C:4F:00:FA:6A:B5,"28,7",86
2026-06-25T07:39:16,8C:4F:00:FA:6A:B5,"28,7","86,4"
2026-06-25T07:40:16,8C:4F:00:FA:6A:B5,"28,7","86,7"
2026-06-25T07:41:16,8C:4F:00:FA:6A:B5,"28,7","86,5"
2026-06-25T07:42:16,8C:4F:00:FA:6A:B5,"28,7","86,7"
2026-06-25T07:43:16,8C:4F:00:FA:6A:B5,"28,6","86,3"
2026-06-25T07:44:16,8C:4F:00:FA:6A:B5,"28,7","86,9"
2026-06-25T07:45:16,8C:4F:00:FA:6A:B5,"28,6","86,9"
2026-06-25T07:46:16,8C:4F:00:FA:6A:B5,"28,7",87
2026-06-25T07:47:16,8C:4F:00:FA:6A:B5,"28,7","87,3"
2026-06-25T07:48:16,8C:4F:00:FA:6A:B5,"28,7","87,8"
2026-06-25T07:49:16,8C:4F:00:FA:6A:B5,"28,7","87,4"
2026-06-25T07:50:16,8C:4F:00:FA:6A:B5,"28,7","87,5"
2026-06-25T07:51:16,8C:4F:00:FA:6A:B5,"28,7","87,2"
2026-06-25T07:52:16,8C:4F:00:FA:6A:B5,"28,7","87,4"
2026-06-25T07:53:16,8C:4F:00:FA:6A:B5,"28,7","87,3"
2026-06-25T07:54:16,8C:4F:00:FA:6A:B5,"28,7","87,4"
2026-06-25T07:55:16,8C:4F:00:FA:6A:B5,"28,7","87,1"
2026-06-25T07:56:16,8C:4F:00:FA:6A:B5,"28,7","87,1"
2026-06-25T07:57:16,8C:4F:00:FA:6A:B5,"28,7","86,9"
2026-06-25T07:58:16,8C:4F:00:FA:6A:B5,"28,7","86,7"
2026-06-25T07:59:16,8C:4F:00:FA:6A:B5,"28,7",87
2026-06-25T08:00:16,8C:4F:00:FA:6A:B5,"28,7","86,5"
2026-06-25T08:01:16,8C:4F:00:FA:6A:B5,"28,7","86,8"
2026-06-25T08:02:16,8C:4F:00:FA:6A:B5,"28,7","86,6"
2026-06-25T08:03:16,8C:4F:00:FA:6A:B5,"28,7","86,8"
2026-06-25T08:04:16,8C:4F:00:FA:6A:B5,"28,7","86,9"
2026-06-25T08:05:16,8C:4F:00:FA:6A:B5,"28,7","86,5"
2026-06-25T08:06:16,8C:4F:00:FA:6A:B5,"28,7",87
2026-06-25T08:07:16,8C:4F:00:FA:6A:B5,"28,7","86,6"
2026-06-25T08:08:16,8C:4F:00:FA:6A:B5,"28,7",87
2026-06-25T08:09:16,8C:4F:00:FA:6A:B5,"28,7","86,3"
2026-06-25T08:10:16,8C:4F:00:FA:6A:B5,"28,7",87
2026-06-25T08:11:16,8C:4F:00:FA:6A:B5,"28,7","86,9"
2026-06-25T08:12:16,8C:4F:00:FA:6A:B5,"28,7","86,1"
2026-06-25T08:13:16,8C:4F:00:FA:6A:B5,"28,7","86,7"
2026-06-25T08:14:16,8C:4F:00:FA:6A:B5,"28,7","86,7"
2026-06-25T08:15:16,8C:4F:00:FA:6A:B5,"28,7","86,5"
2026-06-25T08:16:16,8C:4F:00:FA:6A:B5,"28,7","87,2"
2026-06-25T08:17:16,8C:4F:00:FA:6A:B5,"28,7","87,3"
2026-06-25T08:18:16,8C:4F:00:FA:6A:B5,"28,7","86,4"
2026-06-25T08:19:16,8C:4F:00:FA:6A:B5,"28,7","86,8"
2026-06-25T08:20:16,8C:4F:00:FA:6A:B5,"28,7","86,8"
2026-06-25T08:21:16,8C:4F:00:FA:6A:B5,"28,7","87,3"
2026-06-25T08:22:16,8C:4F:00:FA:6A:B5,"28,7","87,3"
2026-06-25T08:23:16,8C:4F:00:FA:6A:B5,"28,7","87,2"
2026-06-25T08:24:16,8C:4F:00:FA:6A:B5,"28,7","87,5"
2026-06-25T08:25:16,8C:4F:00:FA:6A:B5,"28,7","87,8"
2026-06-25T08:26:16,8C:4F:00:FA:6A:B5,"28,7","87,8"
2026-06-25T08:27:16,8C:4F:00:FA:6A:B5,"28,7","87,7"
2026-06-25T08:28:16,8C:4F:00:FA:6A:B5,"28,7","87,8"
2026-06-25T08:29:16,8C:4F:00:FA:6A:B5,"28,7",88
2026-06-25T08:30:16,8C:4F:00:FA:6A:B5,"28,7",88
2026-06-25T08:31:16,8C:4F:00:FA:6A:B5,"28,7","88,3"
2026-06-25T08:32:16,8C:4F:00:FA:6A:B5,"28,7",88
2026-06-25T08:33:16,8C:4F:00:FA:6A:B5,"28,7","88,2"
2026-06-25T08:34:16,8C:4F:00:FA:6A:B5,"28,7","88,5"
2026-06-25T08:35:16,8C:4F:00:FA:6A:B5,"28,7","88,6"
2026-06-25T08:36:16,8C:4F:00:FA:6A:B5,"28,7",89
2026-06-25T08:37:16,8C:4F:00:FA:6A:B5,"28,7",89
2026-06-25T08:38:16,8C:4F:00:FA:6A:B5,"28,7","88,4"
2026-06-25T08:39:16,8C:4F:00:FA:6A:B5,"28,7","88,9"
2026-06-25T08:40:16,8C:4F:00:FA:6A:B5,"28,7","88,9"
2026-06-25T08:41:16,8C:4F:00:FA:6A:B5,"28,8","88,5"
2026-06-25T08:42:16,8C:4F:00:FA:6A:B5,"28,7","88,1"
2026-06-25T08:43:16,8C:4F:00:FA:6A:B5,"28,7","87,7"
2026-06-25T08:44:16,8C:4F:00:FA:6A:B5,"28,7","88,1"
2026-06-25T08:45:16,8C:4F:00:FA:6A:B5,"28,7","87,7"
2026-06-25T08:46:16,8C:4F:00:FA:6A:B5,"28,7","87,8"
2026-06-25T08:47:16,8C:4F:00:FA:6A:B5,"28,7","88,2"
2026-06-25T08:48:16,8C:4F:00:FA:6A:B5,"28,7","88,1"
2026-06-25T08:49:16,8C:4F:00:FA:6A:B5,"28,7","87,9"
2026-06-25T08:50:16,8C:4F:00:FA:6A:B5,"28,8","88,1"
2026-06-25T08:51:16,8C:4F:00:FA:6A:B5,"28,7","88,2"
2026-06-25T08:52:16,8C:4F:00:FA:6A:B5,"28,8","88,4"
2026-06-25T08:53:16,8C:4F:00:FA:6A:B5,"28,8","88,3"
2026-06-25T08:54:16,8C:4F:00:FA:6A:B5,"28,7","87,6"
2026-06-25T08:55:16,8C:4F:00:FA:6A:B5,"28,7","87,7"
2026-06-25T08:56:16,8C:4F:00:FA:6A:B5,"28,7","88,1"
2026-06-25T08:57:16,8C:4F:00:FA:6A:B5,"28,7","88,3"
2026-06-25T08:58:16,8C:4F:00:FA:6A:B5,"28,7","88,2"
2026-06-25T08:59:16,8C:4F:00:FA:6A:B5,"28,7","88,1"
2026-06-25T09:00:16,8C:4F:00:FA:6A:B5,"28,8","88,5"
2026-06-25T09:01:16,8C:4F:00:FA:6A:B5,"28,8",89
2026-06-25T09:02:16,8C:4F:00:FA:6A:B5,"28,8","88,5"
2026-06-25T09:03:16,8C:4F:00:FA:6A:B5,"28,8","89,2"
2026-06-25T09:04:16,8C:4F:00:FA:6A:B5,"28,8","88,5"
2026-06-25T09:05:16,8C:4F:00:FA:6A:B5,"28,8","88,2"
2026-06-25T09:06:16,8C:4F:00:FA:6A:B5,"28,8",89
2026-06-25T09:07:16,8C:4F:00:FA:6A:B5,"28,8","88,8"
2026-06-25T09:08:16,8C:4F:00:FA:6A:B5,"28,8","88,4"
2026-06-25T09:09:16,8C:4F:00:FA:6A:B5,"28,8","89,2"
2026-06-25T09:10:16,8C:4F:00:FA:6A:B5,"28,8",89
2026-06-25T09:11:16,8C:4F:00:FA:6A:B5,"28,8","89,5"
2026-06-25T09:12:16,8C:4F:00:FA:6A:B5,"28,8","89,2"
2026-06-25T09:13:16,8C:4F:00:FA:6A:B5,"28,8","89,5"
2026-06-25T09:14:16,8C:4F:00:FA:6A:B5,"28,8",89
2026-06-25T09:15:16,8C:4F:00:FA:6A:B5,"28,8","88,5"
2026-06-25T09:16:16,8C:4F:00:FA:6A:B5,"28,7","88,4"
2026-06-25T09:17:16,8C:4F:00:FA:6A:B5,"28,8","88,9"
2026-06-25T09:18:16,8C:4F:00:FA:6A:B5,"28,7",89
2026-06-25T09:19:16,8C:4F:00:FA:6A:B5,"28,8","89,6"
2026-06-25T09:20:16,8C:4F:00:FA:6A:B5,"28,8","88,9"
2026-06-25T09:21:16,8C:4F:00:FA:6A:B5,"28,8","88,9"
2026-06-25T09:22:16,8C:4F:00:FA:6A:B5,"28,8","89,2"
2026-06-25T09:23:16,8C:4F:00:FA:6A:B5,"28,8","88,6"
2026-06-25T09:24:16,8C:4F:00:FA:6A:B5,"28,8","88,8"
2026-06-25T09:25:16,8C:4F:00:FA:6A:B5,"28,8",88
2026-06-25T09:26:16,8C:4F:00:FA:6A:B5,"28,8","87,5"
2026-06-25T09:27:16,8C:4F:00:FA:6A:B5,"28,8","88,1"
2026-06-25T09:28:16,8C:4F:00:FA:6A:B5,"28,8","87,7"
2026-06-25T09:29:16,8C:4F:00:FA:6A:B5,"28,8","87,2"
2026-06-25T09:30:16,8C:4F:00:FA:6A:B5,"28,8","87,5"
2026-06-25T09:31:16,8C:4F:00:FA:6A:B5,"28,8","87,6"
2026-06-25T09:32:16,8C:4F:00:FA:6A:B5,"28,8","87,8"
2026-06-25T09:33:16,8C:4F:00:FA:6A:B5,"28,8","88,1"
2026-06-25T09:34:16,8C:4F:00:FA:6A:B5,"28,8","87,8"
2026-06-25T09:35:16,8C:4F:00:FA:6A:B5,"28,8","87,7"
2026-06-25T09:36:16,8C:4F:00:FA:6A:B5,"28,8","87,1"
2026-06-25T09:37:16,8C:4F:00:FA:6A:B5,"28,7","86,7"
2026-06-25T09:38:16,8C:4F:00:FA:6A:B5,"28,8","86,6"
2026-06-25T09:39:16,8C:4F:00:FA:6A:B5,"28,8","87,5"
2026-06-25T09:40:16,8C:4F:00:FA:6A:B5,"28,8","87,5"
2026-06-25T09:41:16,8C:4F:00:FA:6A:B5,"28,8","87,6"
2026-06-25T09:42:16,8C:4F:00:FA:6A:B5,"28,8",87
2026-06-25T09:43:16,8C:4F:00:FA:6A:B5,"28,8","87,4"
2026-06-25T09:44:16,8C:4F:00:FA:6A:B5,"28,8",87
2026-06-25T09:45:16,8C:4F:00:FA:6A:B5,"28,8","86,8"
2026-06-25T09:46:16,8C:4F:00:FA:6A:B5,"28,8","87,1"
2026-06-25T09:47:16,8C:4F:00:FA:6A:B5,"28,8","87,6"
2026-06-25T09:48:16,8C:4F:00:FA:6A:B5,"28,8",87
2026-06-25T09:49:16,8C:4F:00:FA:6A:B5,"28,8","86,7"
2026-06-25T09:50:16,8C:4F:00:FA:6A:B5,"28,8","87,5"
2026-06-25T09:51:16,8C:4F:00:FA:6A:B5,"28,8","87,3"
2026-06-25T09:52:16,8C:4F:00:FA:6A:B5,"28,8","87,3"
2026-06-25T09:53:16,8C:4F:00:FA:6A:B5,"28,8","87,1"
2026-06-25T09:54:16,8C:4F:00:FA:6A:B5,"28,8","86,7"
2026-06-25T09:55:16,8C:4F:00:FA:6A:B5,"28,8",87
2026-06-25T09:56:16,8C:4F:00:FA:6A:B5,"28,8","86,9"
2026-06-25T09:57:16,8C:4F:00:FA:6A:B5,"28,8","86,9"
2026-06-25T09:58:16,8C:4F:00:FA:6A:B5,"28,8","86,5"
2026-06-25T09:59:16,8C:4F:00:FA:6A:B5,"28,8","87,1"
2026-06-25T10:00:16,8C:4F:00:FA:6A:B5,"28,8","86,9"
2026-06-25T10:01:16,8C:4F:00:FA:6A:B5,"28,8","86,9"
2026-06-25T10:02:16,8C:4F:00:FA:6A:B5,"28,8","86,8"
2026-06-25T10:03:16,8C:4F:00:FA:6A:B5,"28,8","86,5"
2026-06-25T10:04:16,8C:4F:00:FA:6A:B5,"28,8","86,8"
2026-06-25T10:05:16,8C:4F:00:FA:6A:B5,"28,8","86,8"
2026-06-25T10:06:16,8C:4F:00:FA:6A:B5,"28,8","86,8"
2026-06-25T10:07:16,8C:4F:00:FA:6A:B5,"28,8","87,1"
2026-06-25T10:08:16,8C:4F:00:FA:6A:B5,"28,8","86,7"
2026-06-25T10:09:16,8C:4F:00:FA:6A:B5,"28,8","86,8"
2026-06-25T10:10:16,8C:4F:00:FA:6A:B5,"28,8","87,1"
2026-06-25T10:11:16,8C:4F:00:FA:6A:B5,"28,8","87,6"
2026-06-25T10:12:16,8C:4F:00:FA:6A:B5,"28,8","86,9"
2026-06-25T10:13:16,8C:4F:00:FA:6A:B5,"28,8","86,7"
2026-06-25T10:14:16,8C:4F:00:FA:6A:B5,"28,8",87
2026-06-25T10:15:16,8C:4F:00:FA:6A:B5,"28,8","87,4"
2026-06-25T10:16:16,8C:4F:00:FA:6A:B5,"28,8","87,7"
2026-06-25T10:17:16,8C:4F:00:FA:6A:B5,"28,8","87,5"
2026-06-25T10:18:16,8C:4F:00:FA:6A:B5,"28,8","87,5"
2026-06-25T10:19:16,8C:4F:00:FA:6A:B5,"28,8","87,5"
2026-06-25T10:20:16,8C:4F:00:FA:6A:B5,"28,8",87
2026-06-25T10:21:16,8C:4F:00:FA:6A:B5,"28,8","86,8"
2026-06-25T10:22:16,8C:4F:00:FA:6A:B5,"28,8","87,1"
2026-06-25T10:23:16,8C:4F:00:FA:6A:B5,"28,8","87,1"
2026-06-25T10:24:16,8C:4F:00:FA:6A:B5,"28,8","86,9"
2026-06-25T10:25:16,8C:4F:00:FA:6A:B5,"28,8","87,1"
2026-06-25T10:26:16,8C:4F:00:FA:6A:B5,"28,8","86,7"
2026-06-25T10:27:16,8C:4F:00:FA:6A:B5,"28,8","86,3"
2026-06-25T10:28:16,8C:4F:00:FA:6A:B5,"28,8","87,2"
2026-06-25T10:29:16,8C:4F:00:FA:6A:B5,"28,8","87,1"
2026-06-25T10:30:16,8C:4F:00:FA:6A:B5,"28,8","86,7"
2026-06-25T10:31:16,8C:4F:00:FA:6A:B5,"28,8","87,1"
2026-06-25T10:32:16,8C:4F:00:FA:6A:B5,"28,8","87,6"
2026-06-25T10:33:16,8C:4F:00:FA:6A:B5,"28,8","86,9"
2026-06-25T10:34:16,8C:4F:00:FA:6A:B5,"28,8","86,9"
2026-06-25T10:35:16,8C:4F:00:FA:6A:B5,"28,8","87,3"
2026-06-25T10:36:16,8C:4F:00:FA:6A:B5,"28,8","87,3"
2026-06-25T10:37:16,8C:4F:00:FA:6A:B5,"28,8","87,1"
2026-06-25T10:38:16,8C:4F:00:FA:6A:B5,"28,8","87,1"
2026-06-25T10:39:16,8C:4F:00:FA:6A:B5,"28,8","87,2"
2026-06-25T10:40:16,8C:4F:00:FA:6A:B5,"28,8","87,3"
2026-06-25T10:41:16,8C:4F:00:FA:6A:B5,"28,8","87,8"
2026-06-25T10:42:16,8C:4F:00:FA:6A:B5,"28,8",88
2026-06-25T10:43:16,8C:4F:00:FA:6A:B5,"28,8","89,3"